{
  "metadata": {
    "sport": "handball",
    "display_name": "Handball",
    "icon": "🤾",
    "fetch_timestamp": "2025-09-20T11:51:43.853937",
    "date_range": [
      "19.09.2025",
      "21.09.2025"
    ]
  },
  "odds_data": {
    "scores": {
      "sport": "handball",
      "ts": "1758304985",
      "categories": [
        {
          "name": "Denmark: Herre Handbold Ligaen",
          "gid": "2866",
          "id": "2866",
          "matches": [
            {
              "id": "367545",
              "status": "Not Started",
              "date": "21.09.2025",
              "time": "18:00",
              "localteam": {
                "id": "1106",
                "name": "Skjern",
                "t1": "",
                "t2": "",
                "totalscore": ""
              },
              "awayteam": {
                "id": "1050",
                "name": "Aalborg",
                "t1": "",
                "t2": "",
                "totalscore": ""
              },
              "odds": [
                {
                  "id": "1",
                  "value": "3Way Result",
                  "stop": "False",
                  "bookmakers": [
                    {
                      "id": "16",
                      "name": "bet365",
                      "stop": "True",
                      "ts": "1758238152",
                      "odds": [
                        {
                          "name": "Home",
                          "value": "5.50",
                          "stop": "True"
                        },
                        {
                          "name": "Draw",
                          "value": "11.00",
                          "stop": "True"
                        },
                        {
                          "name": "Away",
                          "value": "1.27",
                          "stop": "True"
                        }
                      ]
                    }
                  ]
                },
                {
                  "id": "2",
                  "value": "Home/Away",
                  "stop": "False",
                  "bookmakers": [
                    {
                      "id": "16",
                      "name": "bet365",
                      "stop": "True",
                      "ts": "1758238152",
                      "odds": [
                        {
                          "name": "Home",
                          "value": "4.50",
                          "stop": "True"
                        },
                        {
                          "name": "Away",
                          "value": "1.16",
                          "stop": "True"
                        }
                      ]
                    }
                  ]
                },
                {
                  "id": "222",
                  "value": "Double Chance",
                  "stop": "False",
                  "bookmakers": [
                    {
                      "id": "16",
                      "name": "bet365",
                      "stop": "True",
                      "ts": "1758238152",
                      "odds": [
                        {
                          "name": "Home/Draw",
                          "value": "3.30",
                          "stop": "True"
                        },
                        {
                          "name": "Home/Away",
                          "value": "1.02",
                          "stop": "True"
                        },
                        {
                          "name": "Draw/Away",
                          "value": "1.12",
                          "stop": "True"
                        }
                      ]
                    }
                  ]
                },
                {
                  "id": "22608",
                  "value": "Odd/Even",
                  "stop": "False",
                  "bookmakers": [
                    {
                      "id": "16",
                      "name": "bet365",
                      "stop": "True",
                      "ts": "1758238152",
                      "odds": [
                        {
                          "name": "Odd",
                          "value": "1.85",
                          "stop": "True"
                        },
                        {
                          "name": "Even",
                          "value": "1.85",
                          "stop": "True"
                        }
                      ]
                    }
                  ]
                }
              ]
            }
          ]
        },
        {
          "name": "Spain: Liga Asobal",
          "gid": "1011",
          "id": "1011",
          "matches": [
            {
              "id": "375425",
              "status": "Not Started",
              "date": "20.09.2025",
              "time": "16:30",
              "localteam": {
                "id": "14141",
                "name": "Caserio Ciudad Real",
                "t1": "",
                "t2": "",
                "totalscore": ""
              },
              "awayteam": {
                "id": "1116",
                "name": "Cuenca",
                "t1": "",
                "t2": "",
                "totalscore": ""
              },
              "odds": [
                {
                  "id": "1",
                  "value": "3Way Result",
                  "stop": "False",
                  "bookmakers": [
                    {
                      "id": "16",
                      "name": "bet365",
                      "stop": "True",
                      "ts": "1758238152",
                      "odds": [
                        {
                          "name": "Home",
                          "value": "1.95",
                          "stop": "True"
                        },
                        {
                          "name": "Draw",
                          "value": "8.00",
                          "stop": "True"
                        },
                        {
                          "name": "Away",
                          "value": "2.30",
                          "stop": "True"
                        }
                      ]
                    }
                  ]
                },
                {
                  "id": "2",
                  "value": "Home/Away",
                  "stop": "False",
                  "bookmakers": [
                    {
                      "id": "16",
                      "name": "bet365",
                      "stop": "True",
                      "ts": "1758238152",
                      "odds": [
                        {
                          "name": "Home",
                          "value": "1.75",
                          "stop": "True"
                        },
                        {
                          "name": "Away",
                          "value": "1.95",
                          "stop": "True"
                        }
                      ]
                    }
                  ]
                },
                {
                  "id": "222",
                  "value": "Double Chance",
                  "stop": "False",
                  "bookmakers": [
                    {
                      "id": "16",
                      "name": "bet365",
                      "stop": "True",
                      "ts": "1758238152",
                      "odds": [
                        {
                          "name": "Home/Draw",
                          "value": "1.45",
                          "stop": "True"
                        },
                        {
                          "name": "Home/Away",
                          "value": "1.05",
                          "stop": "True"
                        },
                        {
                          "name": "Draw/Away",
                          "value": "1.90",
                          "stop": "True"
                        }
                      ]
                    }
                  ]
                },
                {
                  "id": "22608",
                  "value": "Odd/Even",
                  "stop": "False",
                  "bookmakers": [
                    {
                      "id": "16",
                      "name": "bet365",
                      "stop": "True",
                      "ts": "1758238152",
                      "odds": [
                        {
                          "name": "Odd",
                          "value": "1.85",
                          "stop": "True"
                        },
                        {
                          "name": "Even",
                          "value": "1.85",
                          "stop": "True"
                        }
                      ]
                    }
                  ]
                }
              ]
            },
            {
              "id": "375430",
              "status": "Not Started",
              "date": "21.09.2025",
              "time": "17:00",
              "localteam": {
                "id": "2704",
                "name": "Torrelavega",
                "t1": "",
                "t2": "",
                "totalscore": ""
              },
              "awayteam": {
                "id": "1079",
                "name": "La Rioja",
                "t1": "",
                "t2": "",
                "totalscore": ""
              },
              "odds": [
                {
                  "id": "1",
                  "value": "3Way Result",
                  "stop": "False",
                  "bookmakers": [
                    {
                      "id": "16",
                      "name": "bet365",
                      "stop": "True",
                      "ts": "1758238152",
                      "odds": [
                        {
                          "name": "Home",
                          "value": "1.55",
                          "stop": "True"
                        },
                        {
                          "name": "Draw",
                          "value": "8.50",
                          "stop": "True"
                        },
                        {
                          "name": "Away",
                          "value": "3.30",
                          "stop": "True"
                        }
                      ]
                    }
                  ]
                },
                {
                  "id": "2",
                  "value": "Home/Away",
                  "stop": "False",
                  "bookmakers": [
                    {
                      "id": "16",
                      "name": "bet365",
                      "stop": "True",
                      "ts": "1758238152",
                      "odds": [
                        {
                          "name": "Home",
                          "value": "1.38",
                          "stop": "True"
                        },
                        {
                          "name": "Away",
                          "value": "2.85",
                          "stop": "True"
                        }
                      ]
                    }
                  ]
                },
                {
                  "id": "222",
                  "value": "Double Chance",
                  "stop": "False",
                  "bookmakers": [
                    {
                      "id": "16",
                      "name": "bet365",
                      "stop": "True",
                      "ts": "1758238152",
                      "odds": [
                        {
                          "name": "Home/Draw",
                          "value": "1.30",
                          "stop": "True"
                        },
                        {
                          "name": "Home/Away",
                          "value": "1.05",
                          "stop": "True"
                        },
                        {
                          "name": "Draw/Away",
                          "value": "2.35",
                          "stop": "True"
                        }
                      ]
                    }
                  ]
                },
                {
                  "id": "22608",
                  "value": "Odd/Even",
                  "stop": "False",
                  "bookmakers": [
                    {
                      "id": "16",
                      "name": "bet365",
                      "stop": "True",
                      "ts": "1758238152",
                      "odds": [
                        {
                          "name": "Odd",
                          "value": "1.85",
                          "stop": "True"
                        },
                        {
                          "name": "Even",
                          "value": "1.85",
                          "stop": "True"
                        }
                      ]
                    }
                  ]
                }
              ]
            },
            {
              "id": "375424",
              "status": "Not Started",
              "date": "20.09.2025",
              "time": "17:00",
              "localteam": {
                "id": "1053",
                "name": "Barcelona",
                "t1": "",
                "t2": "",
                "totalscore": ""
              },
              "awayteam": {
                "id": "11008",
                "name": "Atl. Valladolid",
                "t1": "",
                "t2": "",
                "totalscore": ""
              },
              "odds": [
                {
                  "id": "1",
                  "value": "3Way Result",
                  "stop": "False",
                  "bookmakers": [
                    {
                      "id": "16",
                      "name": "bet365",
                      "stop": "True",
                      "ts": "1758238152",
                      "odds": [
                        {
                          "name": "Home",
                          "value": "1.01",
                          "stop": "True"
                        },
                        {
                          "name": "Draw",
                          "value": "30.00",
                          "stop": "True"
                        },
                        {
                          "name": "Away",
                          "value": "22.00",
                          "stop": "True"
                        }
                      ]
                    }
                  ]
                },
                {
                  "id": "2",
                  "value": "Home/Away",
                  "stop": "False",
                  "bookmakers": [
                    {
                      "id": "16",
                      "name": "bet365",
                      "stop": "True",
                      "ts": "1758238152",
                      "odds": [
                        {
                          "name": "Away",
                          "value": "21.00",
                          "stop": "True"
                        }
                      ]
                    }
                  ]
                },
                {
                  "id": "22608",
                  "value": "Odd/Even",
                  "stop": "False",
                  "bookmakers": [
                    {
                      "id": "16",
                      "name": "bet365",
                      "stop": "True",
                      "ts": "1758238152",
                      "odds": [
                        {
                          "name": "Odd",
                          "value": "1.85",
                          "stop": "True"
                        },
                        {
                          "name": "Even",
                          "value": "1.85",
                          "stop": "True"
                        }
                      ]
                    }
                  ]
                }
              ]
            },
            {
              "id": "375426",
              "status": "Not Started",
              "date": "20.09.2025",
              "time": "18:30",
              "localteam": {
                "id": "4915",
                "name": "Huesca",
                "t1": "",
                "t2": "",
                "totalscore": ""
              },
              "awayteam": {
                "id": "2695",
                "name": "Villa de Aranda",
                "t1": "",
                "t2": "",
                "totalscore": ""
              },
              "odds": [
                {
                  "id": "1",
                  "value": "3Way Result",
                  "stop": "False",
                  "bookmakers": [
                    {
                      "id": "16",
                      "name": "bet365",
                      "stop": "True",
                      "ts": "1758238152",
                      "odds": [
                        {
                          "name": "Home",
                          "value": "1.85",
                          "stop": "True"
                        },
                        {
                          "name": "Draw",
                          "value": "8.00",
                          "stop": "True"
                        },
                        {
                          "name": "Away",
                          "value": "2.55",
                          "stop": "True"
                        }
                      ]
                    }
                  ]
                },
                {
                  "id": "2",
                  "value": "Home/Away",
                  "stop": "False",
                  "bookmakers": [
                    {
                      "id": "16",
                      "name": "bet365",
                      "stop": "True",
                      "ts": "1758238152",
                      "odds": [
                        {
                          "name": "Home",
                          "value": "1.60",
                          "stop": "True"
                        },
                        {
                          "name": "Away",
                          "value": "2.20",
                          "stop": "True"
                        }
                      ]
                    }
                  ]
                },
                {
                  "id": "222",
                  "value": "Double Chance",
                  "stop": "False",
                  "bookmakers": [
                    {
                      "id": "16",
                      "name": "bet365",
                      "stop": "True",
                      "ts": "1758238152",
                      "odds": [
                        {
                          "name": "Home/Draw",
                          "value": "1.45",
                          "stop": "True"
                        },
                        {
                          "name": "Home/Away",
                          "value": "1.05",
                          "stop": "True"
                        },
                        {
                          "name": "Draw/Away",
                          "value": "1.90",
                          "stop": "True"
                        }
                      ]
                    }
                  ]
                },
                {
                  "id": "22608",
                  "value": "Odd/Even",
                  "stop": "False",
                  "bookmakers": [
                    {
                      "id": "16",
                      "name": "bet365",
                      "stop": "True",
                      "ts": "1758238152",
                      "odds": [
                        {
                          "name": "Odd",
                          "value": "1.85",
                          "stop": "True"
                        },
                        {
                          "name": "Even",
                          "value": "1.85",
                          "stop": "True"
                        }
                      ]
                    }
                  ]
                }
              ]
            }
          ]
        },
        {
          "name": "France: Starligue",
          "gid": "3155",
          "id": "3155",
          "matches": [
            {
              "id": "370438",
              "status": "Not Started",
              "date": "21.09.2025",
              "time": "17:00",
              "localteam": {
                "id": "1086",
                "name": "Nantes",
                "t1": "",
                "t2": "",
                "totalscore": ""
              },
              "awayteam": {
                "id": "1158",
                "name": "Istres",
                "t1": "",
                "t2": "",
                "totalscore": ""
              },
              "odds": [
                {
                  "id": "1",
                  "value": "3Way Result",
                  "stop": "False",
                  "bookmakers": [
                    {
                      "id": "16",
                      "name": "bet365",
                      "stop": "True",
                      "ts": "1758238152",
                      "odds": [
                        {
                          "name": "Home",
                          "value": "1.04",
                          "stop": "True"
                        },
                        {
                          "name": "Draw",
                          "value": "22.00",
                          "stop": "True"
                        },
                        {
                          "name": "Away",
                          "value": "18.00",
                          "stop": "True"
                        }
                      ]
                    }
                  ]
                },
                {
                  "id": "2",
                  "value": "Home/Away",
                  "stop": "False",
                  "bookmakers": [
                    {
                      "id": "16",
                      "name": "bet365",
                      "stop": "True",
                      "ts": "1758238152",
                      "odds": [
                        {
                          "name": "Away",
                          "value": "17.00",
                          "stop": "True"
                        }
                      ]
                    }
                  ]
                },
                {
                  "id": "222",
                  "value": "Double Chance",
                  "stop": "False",
                  "bookmakers": [
                    {
                      "id": "16",
                      "name": "bet365",
                      "stop": "True",
                      "ts": "1758238152",
                      "odds": [
                        {
                          "name": "Draw/Away",
                          "value": "9.00",
                          "stop": "True"
                        }
                      ]
                    }
                  ]
                },
                {
                  "id": "22608",
                  "value": "Odd/Even",
                  "stop": "False",
                  "bookmakers": [
                    {
                      "id": "16",
                      "name": "bet365",
                      "stop": "True",
                      "ts": "1758238152",
                      "odds": [
                        {
                          "name": "Odd",
                          "value": "1.85",
                          "stop": "True"
                        },
                        {
                          "name": "Even",
                          "value": "1.85",
                          "stop": "True"
                        }
                      ]
                    }
                  ]
                }
              ]
            },
            {
              "id": "370437",
              "status": "Not Started",
              "date": "20.09.2025",
              "time": "18:00",
              "localteam": {
                "id": "1058",
                "name": "Montpellier",
                "t1": "",
                "t2": "",
                "totalscore": ""
              },
              "awayteam": {
                "id": "1038",
                "name": "Chambery Savoie",
                "t1": "",
                "t2": "",
                "totalscore": ""
              },
              "odds": [
                {
                  "id": "1",
                  "value": "3Way Result",
                  "stop": "False",
                  "bookmakers": [
                    {
                      "id": "16",
                      "name": "bet365",
                      "stop": "True",
                      "ts": "1758238152",
                      "odds": [
                        {
                          "name": "Home",
                          "value": "1.11",
                          "stop": "True"
                        },
                        {
                          "name": "Draw",
                          "value": "15.00",
                          "stop": "True"
                        },
                        {
                          "name": "Away",
                          "value": "11.00",
                          "stop": "True"
                        }
                      ]
                    }
                  ]
                },
                {
                  "id": "2",
                  "value": "Home/Away",
                  "stop": "False",
                  "bookmakers": [
                    {
                      "id": "16",
                      "name": "bet365",
                      "stop": "True",
                      "ts": "1758238152",
                      "odds": [
                        {
                          "name": "Home",
                          "value": "1.04",
                          "stop": "True"
                        },
                        {
                          "name": "Away",
                          "value": "9.00",
                          "stop": "True"
                        }
                      ]
                    }
                  ]
                },
                {
                  "id": "222",
                  "value": "Double Chance",
                  "stop": "False",
                  "bookmakers": [
                    {
                      "id": "16",
                      "name": "bet365",
                      "stop": "True",
                      "ts": "1758238152",
                      "odds": [
                        {
                          "name": "Home/Draw",
                          "value": "1.02",
                          "stop": "True"
                        },
                        {
                          "name": "Home/Away",
                          "value": "1.01",
                          "stop": "True"
                        },
                        {
                          "name": "Draw/Away",
                          "value": "6.00",
                          "stop": "True"
                        }
                      ]
                    }
                  ]
                },
                {
                  "id": "22608",
                  "value": "Odd/Even",
                  "stop": "False",
                  "bookmakers": [
                    {
                      "id": "16",
                      "name": "bet365",
                      "stop": "True",
                      "ts": "1758238152",
                      "odds": [
                        {
                          "name": "Odd",
                          "value": "1.85",
                          "stop": "True"
                        },
                        {
                          "name": "Even",
                          "value": "1.85",
                          "stop": "True"
                        }
                      ]
                    }
                  ]
                }
              ]
            },
            {
              "id": "370439",
              "status": "Not Started",
              "date": "21.09.2025",
              "time": "15:00",
              "localteam": {
                "id": "14596",
                "name": "PSG",
                "t1": "",
                "t2": "",
                "totalscore": ""
              },
              "awayteam": {
                "id": "1138",
                "name": "Nimes",
                "t1": "",
                "t2": "",
                "totalscore": ""
              },
              "odds": [
                {
                  "id": "1",
                  "value": "3Way Result",
                  "stop": "False",
                  "bookmakers": [
                    {
                      "id": "16",
                      "name": "bet365",
                      "stop": "True",
                      "ts": "1758238152",
                      "odds": [
                        {
                          "name": "Home",
                          "value": "1.10",
                          "stop": "True"
                        },
                        {
                          "name": "Draw",
                          "value": "15.00",
                          "stop": "True"
                        },
                        {
                          "name": "Away",
                          "value": "11.00",
                          "stop": "True"
                        }
                      ]
                    }
                  ]
                },
                {
                  "id": "2",
                  "value": "Home/Away",
                  "stop": "False",
                  "bookmakers": [
                    {
                      "id": "16",
                      "name": "bet365",
                      "stop": "True",
                      "ts": "1758238152",
                      "odds": [
                        {
                          "name": "Home",
                          "value": "1.04",
                          "stop": "True"
                        },
                        {
                          "name": "Away",
                          "value": "9.00",
                          "stop": "True"
                        }
                      ]
                    }
                  ]
                },
                {
                  "id": "12",
                  "value": "HT/FT Double",
                  "stop": "False",
                  "bookmakers": [
                    {
                      "id": "16",
                      "name": "bet365",
                      "stop": "True",
                      "ts": "1758238152",
                      "odds": [
                        {
                          "name": "Paris/Draw",
                          "value": "25.00",
                          "stop": "True"
                        },
                        {
                          "name": "Nimes/Paris",
                          "value": "9.50",
                          "stop": "True"
                        },
                        {
                          "name": "Paris/Nimes",
                          "value": "18.00",
                          "stop": "True"
                        },
                        {
                          "name": "Draw/Draw",
                          "value": "45.00",
                          "stop": "True"
                        },
                        {
                          "name": "Nimes/Nimes",
                          "value": "11.00",
                          "stop": "True"
                        },
                        {
                          "name": "Nimes/Draw",
                          "value": "40.00",
                          "stop": "True"
                        },
                        {
                          "name": "Draw/Nimes",
                          "value": "22.00",
                          "stop": "True"
                        },
                        {
                          "name": "Paris/Paris",
                          "value": "1.27",
                          "stop": "True"
                        },
                        {
                          "name": "Draw/Paris",
                          "value": "7.50",
                          "stop": "True"
                        }
                      ]
                    }
                  ]
                },
                {
                  "id": "222",
                  "value": "Double Chance",
                  "stop": "False",
                  "bookmakers": [
                    {
                      "id": "16",
                      "name": "bet365",
                      "stop": "True",
                      "ts": "1758238152",
                      "odds": [
                        {
                          "name": "Home/Draw",
                          "value": "1.02",
                          "stop": "True"
                        },
                        {
                          "name": "Home/Away",
                          "value": "1.01",
                          "stop": "True"
                        },
                        {
                          "name": "Draw/Away",
                          "value": "6.50",
                          "stop": "True"
                        }
                      ]
                    }
                  ]
                },
                {
                  "id": "22124",
                  "value": "Total - Home",
                  "stop": "False",
                  "bookmakers": [
                    {
                      "id": "16",
                      "name": "bet365",
                      "stop": "True",
                      "ts": "1758238152",
                      "odds": [
                        {
                          "type": "total",
                          "name": "32.5",
                          "ismain": "False",
                          "stop": "True",
                          "odds": [
                            {
                              "name": "Over",
                              "value": "1.80",
                              "stop": "True"
                            },
                            {
                              "name": "Under",
                              "value": "1.90",
                              "stop": "True"
                            }
                          ]
                        }
                      ]
                    }
                  ]
                },
                {
                  "id": "22125",
                  "value": "Total - Away",
                  "stop": "False",
                  "bookmakers": [
                    {
                      "id": "16",
                      "name": "bet365",
                      "stop": "True",
                      "ts": "1758238152",
                      "odds": [
                        {
                          "type": "total",
                          "name": "26.5",
                          "ismain": "False",
                          "stop": "True",
                          "odds": [
                            {
                              "name": "Over",
                              "value": "1.70",
                              "stop": "True"
                            },
                            {
                              "name": "Under",
                              "value": "2.10",
                              "stop": "True"
                            }
                          ]
                        }
                      ]
                    }
                  ]
                },
                {
                  "id": "22608",
                  "value": "Odd/Even",
                  "stop": "False",
                  "bookmakers": [
                    {
                      "id": "16",
                      "name": "bet365",
                      "stop": "True",
                      "ts": "1758238152",
                      "odds": [
                        {
                          "name": "Odd",
                          "value": "1.85",
                          "stop": "True"
                        },
                        {
                          "name": "Even",
                          "value": "1.85",
                          "stop": "True"
                        }
                      ]
                    }
                  ]
                }
              ]
            }
          ]
        },
        {
          "name": "Germany: Bundesliga",
          "gid": "1007",
          "id": "1007",
          "matches": [
            {
              "id": "373501",
              "status": "Not Started",
              "date": "20.09.2025",
              "time": "17:00",
              "localteam": {
                "id": "2565",
                "name": "Eisenach",
                "t1": "",
                "t2": "",
                "totalscore": ""
              },
              "awayteam": {
                "id": "1591",
                "name": "HSG Wetzlar",
                "t1": "",
                "t2": "",
                "totalscore": ""
              },
              "odds": [
                {
                  "id": "1",
                  "value": "3Way Result",
                  "stop": "False",
                  "bookmakers": [
                    {
                      "id": "16",
                      "name": "bet365",
                      "stop": "True",
                      "ts": "1758238152",
                      "odds": [
                        {
                          "name": "Home",
                          "value": "1.60",
                          "stop": "True"
                        },
                        {
                          "name": "Draw",
                          "value": "8.00",
                          "stop": "True"
                        },
                        {
                          "name": "Away",
                          "value": "3.20",
                          "stop": "True"
                        }
                      ]
                    }
                  ]
                },
                {
                  "id": "2",
                  "value": "Home/Away",
                  "stop": "False",
                  "bookmakers": [
                    {
                      "id": "16",
                      "name": "bet365",
                      "stop": "True",
                      "ts": "1758238152",
                      "odds": [
                        {
                          "name": "Home",
                          "value": "1.42",
                          "stop": "True"
                        },
                        {
                          "name": "Away",
                          "value": "2.70",
                          "stop": "True"
                        }
                      ]
                    }
                  ]
                },
                {
                  "id": "222",
                  "value": "Double Chance",
                  "stop": "False",
                  "bookmakers": [
                    {
                      "id": "16",
                      "name": "bet365",
                      "stop": "True",
                      "ts": "1758238152",
                      "odds": [
                        {
                          "name": "Home/Draw",
                          "value": "1.32",
                          "stop": "True"
                        },
                        {
                          "name": "Home/Away",
                          "value": "1.05",
                          "stop": "True"
                        },
                        {
                          "name": "Draw/Away",
                          "value": "2.20",
                          "stop": "True"
                        }
                      ]
                    }
                  ]
                },
                {
                  "id": "22608",
                  "value": "Odd/Even",
                  "stop": "False",
                  "bookmakers": [
                    {
                      "id": "16",
                      "name": "bet365",
                      "stop": "True",
                      "ts": "1758238152",
                      "odds": [
                        {
                          "name": "Odd",
                          "value": "1.85",
                          "stop": "True"
                        },
                        {
                          "name": "Even",
                          "value": "1.85",
                          "stop": "True"
                        }
                      ]
                    }
                  ]
                }
              ]
            },
            {
              "id": "373502",
              "status": "Not Started",
              "date": "20.09.2025",
              "time": "16:00",
              "localteam": {
                "id": "2545",
                "name": "Erlangen",
                "t1": "",
                "t2": "",
                "totalscore": ""
              },
              "awayteam": {
                "id": "1588",
                "name": "SC Magdeburg",
                "t1": "",
                "t2": "",
                "totalscore": ""
              },
              "odds": [
                {
                  "id": "1",
                  "value": "3Way Result",
                  "stop": "False",
                  "bookmakers": [
                    {
                      "id": "16",
                      "name": "bet365",
                      "stop": "True",
                      "ts": "1758238152",
                      "odds": [
                        {
                          "name": "Home",
                          "value": "9.50",
                          "stop": "True"
                        },
                        {
                          "name": "Draw",
                          "value": "14.00",
                          "stop": "True"
                        },
                        {
                          "name": "Away",
                          "value": "1.13",
                          "stop": "True"
                        }
                      ]
                    }
                  ]
                },
                {
                  "id": "2",
                  "value": "Home/Away",
                  "stop": "False",
                  "bookmakers": [
                    {
                      "id": "16",
                      "name": "bet365",
                      "stop": "True",
                      "ts": "1758238152",
                      "odds": [
                        {
                          "name": "Home",
                          "value": "7.50",
                          "stop": "True"
                        },
                        {
                          "name": "Away",
                          "value": "1.06",
                          "stop": "True"
                        }
                      ]
                    }
                  ]
                },
                {
                  "id": "222",
                  "value": "Double Chance",
                  "stop": "False",
                  "bookmakers": [
                    {
                      "id": "16",
                      "name": "bet365",
                      "stop": "True",
                      "ts": "1758238152",
                      "odds": [
                        {
                          "name": "Home/Draw",
                          "value": "5.25",
                          "stop": "True"
                        },
                        {
                          "name": "Home/Away",
                          "value": "1.01",
                          "stop": "True"
                        },
                        {
                          "name": "Draw/Away",
                          "value": "1.04",
                          "stop": "True"
                        }
                      ]
                    }
                  ]
                },
                {
                  "id": "22608",
                  "value": "Odd/Even",
                  "stop": "False",
                  "bookmakers": [
                    {
                      "id": "16",
                      "name": "bet365",
                      "stop": "True",
                      "ts": "1758238152",
                      "odds": [
                        {
                          "name": "Odd",
                          "value": "1.85",
                          "stop": "True"
                        },
                        {
                          "name": "Even",
                          "value": "1.85",
                          "stop": "True"
                        }
                      ]
                    }
                  ]
                }
              ]
            },
            {
              "id": "373503",
              "status": "Not Started",
              "date": "21.09.2025",
              "time": "13:00",
              "localteam": {
                "id": "10807",
                "name": "Fuchse Berlin",
                "t1": "",
                "t2": "",
                "totalscore": ""
              },
              "awayteam": {
                "id": "1594",
                "name": "MT Melsungen",
                "t1": "",
                "t2": "",
                "totalscore": ""
              },
              "odds": [
                {
                  "id": "1",
                  "value": "3Way Result",
                  "stop": "False",
                  "bookmakers": [
                    {
                      "id": "16",
                      "name": "bet365",
                      "stop": "True",
                      "ts": "1758238152",
                      "odds": [
                        {
                          "name": "Home",
                          "value": "1.16",
                          "stop": "True"
                        },
                        {
                          "name": "Draw",
                          "value": "13.00",
                          "stop": "True"
                        },
                        {
                          "name": "Away",
                          "value": "8.00",
                          "stop": "True"
                        }
                      ]
                    }
                  ]
                },
                {
                  "id": "2",
                  "value": "Home/Away",
                  "stop": "False",
                  "bookmakers": [
                    {
                      "id": "16",
                      "name": "bet365",
                      "stop": "True",
                      "ts": "1758238152",
                      "odds": [
                        {
                          "name": "Home",
                          "value": "1.09",
                          "stop": "True"
                        },
                        {
                          "name": "Away",
                          "value": "6.75",
                          "stop": "True"
                        }
                      ]
                    }
                  ]
                },
                {
                  "id": "222",
                  "value": "Double Chance",
                  "stop": "False",
                  "bookmakers": [
                    {
                      "id": "16",
                      "name": "bet365",
                      "stop": "True",
                      "ts": "1758238152",
                      "odds": [
                        {
                          "name": "Home/Draw",
                          "value": "1.05",
                          "stop": "True"
                        },
                        {
                          "name": "Home/Away",
                          "value": "1.01",
                          "stop": "True"
                        },
                        {
                          "name": "Draw/Away",
                          "value": "4.50",
                          "stop": "True"
                        }
                      ]
                    }
                  ]
                },
                {
                  "id": "22608",
                  "value": "Odd/Even",
                  "stop": "False",
                  "bookmakers": [
                    {
                      "id": "16",
                      "name": "bet365",
                      "stop": "True",
                      "ts": "1758238152",
                      "odds": [
                        {
                          "name": "Odd",
                          "value": "1.85",
                          "stop": "True"
                        },
                        {
                          "name": "Even",
                          "value": "1.85",
                          "stop": "True"
                        }
                      ]
                    }
                  ]
                }
              ]
            },
            {
              "id": "373500",
              "status": "Not Started",
              "date": "21.09.2025",
              "time": "14:30",
              "localteam": {
                "id": "1454",
                "name": "Bergischer",
                "t1": "",
                "t2": "",
                "totalscore": ""
              },
              "awayteam": {
                "id": "1020",
                "name": "Flensburg-H.",
                "t1": "",
                "t2": "",
                "totalscore": ""
              },
              "odds": [
                {
                  "id": "1",
                  "value": "3Way Result",
                  "stop": "False",
                  "bookmakers": [
                    {
                      "id": "16",
                      "name": "bet365",
                      "stop": "True",
                      "ts": "1758238152",
                      "odds": [
                        {
                          "name": "Home",
                          "value": "10.00",
                          "stop": "True"
                        },
                        {
                          "name": "Draw",
                          "value": "15.00",
                          "stop": "True"
                        },
                        {
                          "name": "Away",
                          "value": "1.12",
                          "stop": "True"
                        }
                      ]
                    }
                  ]
                },
                {
                  "id": "2",
                  "value": "Home/Away",
                  "stop": "False",
                  "bookmakers": [
                    {
                      "id": "16",
                      "name": "bet365",
                      "stop": "True",
                      "ts": "1758238152",
                      "odds": [
                        {
                          "name": "Home",
                          "value": "7.50",
                          "stop": "True"
                        },
                        {
                          "name": "Away",
                          "value": "1.06",
                          "stop": "True"
                        }
                      ]
                    }
                  ]
                },
                {
                  "id": "222",
                  "value": "Double Chance",
                  "stop": "False",
                  "bookmakers": [
                    {
                      "id": "16",
                      "name": "bet365",
                      "stop": "True",
                      "ts": "1758238152",
                      "odds": [
                        {
                          "name": "Home/Draw",
                          "value": "5.50",
                          "stop": "True"
                        },
                        {
                          "name": "Home/Away",
                          "value": "1.01",
                          "stop": "True"
                        },
                        {
                          "name": "Draw/Away",
                          "value": "1.03",
                          "stop": "True"
                        }
                      ]
                    }
                  ]
                },
                {
                  "id": "22608",
                  "value": "Odd/Even",
                  "stop": "False",
                  "bookmakers": [
                    {
                      "id": "16",
                      "name": "bet365",
                      "stop": "True",
                      "ts": "1758238152",
                      "odds": [
                        {
                          "name": "Odd",
                          "value": "1.85",
                          "stop": "True"
                        },
                        {
                          "name": "Even",
                          "value": "1.85",
                          "stop": "True"
                        }
                      ]
                    }
                  ]
                }
              ]
            },
            {
              "id": "373505",
              "status": "Not Started",
              "date": "21.09.2025",
              "time": "14:30",
              "localteam": {
                "id": "3206",
                "name": "Hannover-Burgdorf",
                "t1": "",
                "t2": "",
                "totalscore": ""
              },
              "awayteam": {
                "id": "3209",
                "name": "Rhein-Neckar",
                "t1": "",
                "t2": "",
                "totalscore": ""
              },
              "odds": [
                {
                  "id": "1",
                  "value": "3Way Result",
                  "stop": "False",
                  "bookmakers": [
                    {
                      "id": "16",
                      "name": "bet365",
                      "stop": "True",
                      "ts": "1758263748",
                      "odds": [
                        {
                          "name": "Home",
                          "value": "1.85",
                          "stop": "True"
                        },
                        {
                          "name": "Draw",
                          "value": "8.00",
                          "stop": "True"
                        },
                        {
                          "name": "Away",
                          "value": "2.60",
                          "stop": "True"
                        }
                      ]
                    }
                  ]
                },
                {
                  "id": "2",
                  "value": "Home/Away",
                  "stop": "False",
                  "bookmakers": [
                    {
                      "id": "16",
                      "name": "bet365",
                      "stop": "True",
                      "ts": "1758263748",
                      "odds": [
                        {
                          "name": "Home",
                          "value": "1.60",
                          "stop": "True"
                        },
                        {
                          "name": "Away",
                          "value": "2.20",
                          "stop": "True"
                        }
                      ]
                    }
                  ]
                },
                {
                  "id": "4",
                  "value": "Asian Handicap",
                  "stop": "False",
                  "bookmakers": [
                    {
                      "id": "16",
                      "name": "bet365",
                      "stop": "True",
                      "ts": "1758263748",
                      "odds": [
                        {
                          "type": "handicap",
                          "name": "-0.5",
                          "ismain": "False",
                          "stop": "True",
                          "odds": [
                            {
                              "name": "Home",
                              "value": "1.85",
                              "stop": "True"
                            },
                            {
                              "name": "Away",
                              "value": "1.90",
                              "stop": "True"
                            }
                          ]
                        }
                      ]
                    }
                  ]
                },
                {
                  "id": "5",
                  "value": "Over/Under",
                  "stop": "False",
                  "bookmakers": [
                    {
                      "id": "16",
                      "name": "bet365",
                      "stop": "True",
                      "ts": "1758263748",
                      "odds": [
                        {
                          "type": "total",
                          "name": "61.5",
                          "ismain": "False",
                          "stop": "True",
                          "odds": [
                            {
                              "name": "Over",
                              "value": "1.80",
                              "stop": "True"
                            },
                            {
                              "name": "Under",
                              "value": "1.95",
                              "stop": "True"
                            }
                          ]
                        }
                      ]
                    }
                  ]
                },
                {
                  "id": "79",
                  "value": "Handicap Result",
                  "stop": "False",
                  "bookmakers": [
                    {
                      "id": "16",
                      "name": "bet365",
                      "stop": "True",
                      "ts": "1758263748",
                      "odds": [
                        {
                          "type": "handicap",
                          "name": "-1",
                          "ismain": "False",
                          "stop": "True",
                          "odds": [
                            {
                              "name": "Home",
                              "value": "2.15",
                              "stop": "True"
                            },
                            {
                              "name": "Away",
                              "value": "1.90",
                              "stop": "True"
                            },
                            {
                              "name": "Draw",
                              "value": "12.00",
                              "stop": "True"
                            }
                          ]
                        }
                      ]
                    }
                  ]
                }
              ]
            }
          ]
        },
        {
          "name": "Croatia: Premijer Liga",
          "gid": "2644",
          "id": "2644",
          "matches": [
            {
              "id": "374358",
              "status": "Not Started",
              "date": "20.09.2025",
              "time": "16:30",
              "localteam": {
                "id": "5131",
                "name": "Varazdin",
                "t1": "",
                "t2": "",
                "totalscore": ""
              },
              "awayteam": {
                "id": "1030",
                "name": "Gorica",
                "t1": "",
                "t2": "",
                "totalscore": ""
              },
              "odds": [
                {
                  "id": "1",
                  "value": "3Way Result",
                  "stop": "False",
                  "bookmakers": [
                    {
                      "id": "16",
                      "name": "bet365",
                      "stop": "True",
                      "ts": "1758304984",
                      "odds": [
                        {
                          "name": "Home",
                          "value": "2.30",
                          "stop": "True"
                        },
                        {
                          "name": "Draw",
                          "value": "8.00",
                          "stop": "True"
                        },
                        {
                          "name": "Away",
                          "value": "1.85",
                          "stop": "True"
                        }
                      ]
                    }
                  ]
                },
                {
                  "id": "4",
                  "value": "Asian Handicap",
                  "stop": "False",
                  "bookmakers": [
                    {
                      "id": "16",
                      "name": "bet365",
                      "stop": "True",
                      "ts": "1758304984",
                      "odds": [
                        {
                          "type": "handicap",
                          "name": "+0.5",
                          "ismain": "False",
                          "stop": "True",
                          "odds": [
                            {
                              "name": "Home",
                              "value": "1.85",
                              "stop": "True"
                            },
                            {
                              "name": "Away",
                              "value": "1.85",
                              "stop": "True"
                            }
                          ]
                        }
                      ]
                    }
                  ]
                },
                {
                  "id": "5",
                  "value": "Over/Under",
                  "stop": "False",
                  "bookmakers": [
                    {
                      "id": "16",
                      "name": "bet365",
                      "stop": "True",
                      "ts": "1758304984",
                      "odds": [
                        {
                          "type": "total",
                          "name": "57.5",
                          "ismain": "False",
                          "stop": "True",
                          "odds": [
                            {
                              "name": "Over",
                              "value": "1.85",
                              "stop": "True"
                            },
                            {
                              "name": "Under",
                              "value": "1.85",
                              "stop": "True"
                            }
                          ]
                        }
                      ]
                    }
                  ]
                }
              ]
            }
          ]
        },
        {
          "name": "Portugal: Andebol 1",
          "gid": "2059",
          "id": "2059",
          "matches": [
            {
              "id": "375670",
              "status": "Not Started",
              "date": "21.09.2025",
              "time": "15:45",
              "localteam": {
                "id": "12449",
                "name": "Maritimo",
                "t1": "",
                "t2": "",
                "totalscore": ""
              },
              "awayteam": {
                "id": "12932",
                "name": "Povoa",
                "t1": "",
                "t2": "",
                "totalscore": ""
              },
              "odds": [
                {
                  "id": "1",
                  "value": "3Way Result",
                  "stop": "False",
                  "bookmakers": [
                    {
                      "id": "16",
                      "name": "bet365",
                      "stop": "True",
                      "ts": "1758285145",
                      "odds": [
                        {
                          "name": "Home",
                          "value": "1.32",
                          "stop": "True"
                        },
                        {
                          "name": "Draw",
                          "value": "9.00",
                          "stop": "True"
                        },
                        {
                          "name": "Away",
                          "value": "4.25",
                          "stop": "True"
                        }
                      ]
                    }
                  ]
                },
                {
                  "id": "2",
                  "value": "Home/Away",
                  "stop": "False",
                  "bookmakers": [
                    {
                      "id": "16",
                      "name": "bet365",
                      "stop": "True",
                      "ts": "1758285145",
                      "odds": [
                        {
                          "name": "Home",
                          "value": "1.22",
                          "stop": "True"
                        },
                        {
                          "name": "Away",
                          "value": "3.75",
                          "stop": "True"
                        }
                      ]
                    }
                  ]
                },
                {
                  "id": "4",
                  "value": "Asian Handicap",
                  "stop": "False",
                  "bookmakers": [
                    {
                      "id": "16",
                      "name": "bet365",
                      "stop": "True",
                      "ts": "1758285145",
                      "odds": [
                        {
                          "type": "handicap",
                          "name": "-3.5",
                          "ismain": "False",
                          "stop": "True",
                          "odds": [
                            {
                              "name": "Home",
                              "value": "1.85",
                              "stop": "True"
                            },
                            {
                              "name": "Away",
                              "value": "1.85",
                              "stop": "True"
                            }
                          ]
                        }
                      ]
                    }
                  ]
                },
                {
                  "id": "5",
                  "value": "Over/Under",
                  "stop": "False",
                  "bookmakers": [
                    {
                      "id": "16",
                      "name": "bet365",
                      "stop": "True",
                      "ts": "1758285145",
                      "odds": [
                        {
                          "type": "total",
                          "name": "55.5",
                          "ismain": "False",
                          "stop": "True",
                          "odds": [
                            {
                              "name": "Over",
                              "value": "1.75",
                              "stop": "True"
                            },
                            {
                              "name": "Under",
                              "value": "1.95",
                              "stop": "True"
                            }
                          ]
                        }
                      ]
                    }
                  ]
                },
                {
                  "id": "79",
                  "value": "Handicap Result",
                  "stop": "False",
                  "bookmakers": [
                    {
                      "id": "16",
                      "name": "bet365",
                      "stop": "True",
                      "ts": "1758285145",
                      "odds": [
                        {
                          "type": "handicap",
                          "name": "-3",
                          "ismain": "False",
                          "stop": "True",
                          "odds": [
                            {
                              "name": "Home",
                              "value": "1.85",
                              "stop": "True"
                            },
                            {
                              "name": "Draw",
                              "value": "14.00",
                              "stop": "True"
                            },
                            {
                              "name": "Away",
                              "value": "2.15",
                              "stop": "True"
                            }
                          ]
                        }
                      ]
                    }
                  ]
                }
              ]
            }
          ]
        }
      ]
    }
  }
}