{
  "metadata": {
    "sport": "volleyball",
    "display_name": "Volleyball",
    "icon": "🏐",
    "fetch_timestamp": "2025-09-20T11:52:45.919681",
    "date_range": [
      "19.09.2025",
      "21.09.2025"
    ]
  },
  "odds_data": {
    "scores": {
      "sport": "volleyball",
      "ts": "1758273760",
      "categories": [
        {
          "name": "World: Pan-American Cup Final Six Women",
          "gid": "3745",
          "id": "3745",
          "matches": [
            {
              "id": "460409",
              "status": "Finished",
              "date": "19.09.2025",
              "time": "22:00",
              "localteam": {
                "id": "1665",
                "name": "Canada W",
                "s1": "",
                "s2": "",
                "s3": "",
                "s4": "",
                "s5": "",
                "totalscore": ""
              },
              "awayteam": {
                "id": "1574",
                "name": "Cuba W",
                "s1": "",
                "s2": "",
                "s3": "",
                "s4": "",
                "s5": "",
                "totalscore": ""
              },
              "odds": [
                {
                  "id": "2",
                  "value": "Home/Away",
                  "stop": "False",
                  "bookmakers": [
                    {
                      "id": "16",
                      "name": "bet365",
                      "stop": "True",
                      "ts": "1758273759",
                      "odds": [
                        {
                          "name": "Home",
                          "value": "3.75",
                          "stop": "True"
                        },
                        {
                          "name": "Away",
                          "value": "1.25",
                          "stop": "True"
                        }
                      ]
                    }
                  ]
                }
              ]
            }
          ]
        }
      ]
    }
  }
}