{
  "metadata": {
    "sport": "rugby",
    "display_name": "Rugby Union",
    "icon": "🏉",
    "fetch_timestamp": "2025-09-11T22:37:12.424518",
    "date_range": [
      "10.09.2025",
      "12.09.2025"
    ]
  },
  "odds_data": {
    "scores": {
      "sport": "rugby",
      "ts": "1757572088",
      "categories": [
        {
          "name": "New Zealand: Bunnings Npc",
          "gid": "1847",
          "id": "1847",
          "matches": [
            {
              "id": "139830",
              "status": "Not Started",
              "date": "12.09.2025",
              "time": "07:10",
              "localteam": {
                "id": "1000",
                "name": "Waikato",
                "t1": "",
                "t2": "",
                "ot1": "",
                "ot2": "",
                "totalscore": ""
              },
              "awayteam": {
                "id": "1069",
                "name": "North Harbour",
                "t1": "",
                "t2": "",
                "ot1": "",
                "ot2": "",
                "totalscore": ""
              },
              "odds": [
                {
                  "id": "1",
                  "value": "3Way Result",
                  "stop": "False",
                  "bookmakers": [
                    {
                      "id": "16",
                      "name": "bet365",
                      "stop": "False",
                      "ts": "1757565388",
                      "odds": [
                        {
                          "name": "Home",
                          "value": "1.25",
                          "stop": "False"
                        },
                        {
                          "name": "Draw",
                          "value": "29.00",
                          "stop": "False"
                        },
                        {
                          "name": "Away",
                          "value": "4.00",
                          "stop": "False"
                        }
                      ]
                    }
                  ]
                },
                {
                  "id": "2",
                  "value": "Home/Away",
                  "stop": "False",
                  "bookmakers": [
                    {
                      "id": "16",
                      "name": "bet365",
                      "stop": "False",
                      "ts": "1757565388",
                      "odds": [
                        {
                          "name": "Home",
                          "value": "1.24",
                          "stop": "False"
                        },
                        {
                          "name": "Away",
                          "value": "4.00",
                          "stop": "False"
                        }
                      ]
                    }
                  ]
                },
                {
                  "id": "4",
                  "value": "Asian Handicap",
                  "stop": "False",
                  "bookmakers": [
                    {
                      "id": "16",
                      "name": "bet365",
                      "stop": "True",
                      "ts": "1757565388",
                      "odds": [
                        {
                          "type": "handicap",
                          "name": "-11.5",
                          "ismain": "False",
                          "stop": "True",
                          "odds": [
                            {
                              "name": "Home",
                              "value": "1.87",
                              "stop": "True"
                            },
                            {
                              "name": "Away",
                              "value": "1.91",
                              "stop": "True"
                            }
                          ]
                        },
                        {
                          "type": "handicap",
                          "name": "-10.5",
                          "ismain": "True",
                          "stop": "False",
                          "odds": [
                            {
                              "name": "Home",
                              "value": "1.91",
                              "stop": "False"
                            },
                            {
                              "name": "Away",
                              "value": "1.87",
                              "stop": "False"
                            }
                          ]
                        }
                      ]
                    }
                  ]
                },
                {
                  "id": "5",
                  "value": "Over/Under",
                  "stop": "False",
                  "bookmakers": [
                    {
                      "id": "16",
                      "name": "bet365",
                      "stop": "False",
                      "ts": "1757567576",
                      "odds": [
                        {
                          "type": "total",
                          "name": "44.5",
                          "ismain": "False",
                          "stop": "False",
                          "odds": [
                            {
                              "name": "Over",
                              "value": "1.22",
                              "stop": "False"
                            },
                            {
                              "name": "Under",
                              "value": "4.00",
                              "stop": "False"
                            }
                          ]
                        },
                        {
                          "type": "total",
                          "name": "49.5",
                          "ismain": "False",
                          "stop": "False",
                          "odds": [
                            {
                              "name": "Over",
                              "value": "1.42",
                              "stop": "False"
                            },
                            {
                              "name": "Under",
                              "value": "2.75",
                              "stop": "False"
                            }
                          ]
                        },
                        {
                          "type": "total",
                          "name": "42.5",
                          "ismain": "False",
                          "stop": "False",
                          "odds": [
                            {
                              "name": "Over",
                              "value": "1.18",
                              "stop": "False"
                            },
                            {
                              "name": "Under",
                              "value": "4.50",
                              "stop": "False"
                            }
                          ]
                        },
                        {
                          "type": "total",
                          "name": "43.5",
                          "ismain": "False",
                          "stop": "False",
                          "odds": [
                            {
                              "name": "Over",
                              "value": "1.21",
                              "stop": "False"
                            },
                            {
                              "name": "Under",
                              "value": "4.15",
                              "stop": "False"
                            }
                          ]
                        },
                        {
                          "type": "total",
                          "name": "45.5",
                          "ismain": "False",
                          "stop": "False",
                          "odds": [
                            {
                              "name": "Over",
                              "value": "1.26",
                              "stop": "False"
                            },
                            {
                              "name": "Under",
                              "value": "3.60",
                              "stop": "False"
                            }
                          ]
                        },
                        {
                          "type": "total",
                          "name": "46.5",
                          "ismain": "False",
                          "stop": "False",
                          "odds": [
                            {
                              "name": "Over",
                              "value": "1.30",
                              "stop": "False"
                            },
                            {
                              "name": "Under",
                              "value": "3.35",
                              "stop": "False"
                            }
                          ]
                        },
                        {
                          "type": "total",
                          "name": "47.5",
                          "ismain": "False",
                          "stop": "False",
                          "odds": [
                            {
                              "name": "Over",
                              "value": "1.33",
                              "stop": "False"
                            },
                            {
                              "name": "Under",
                              "value": "3.15",
                              "stop": "False"
                            }
                          ]
                        },
                        {
                          "type": "total",
                          "name": "48.5",
                          "ismain": "False",
                          "stop": "False",
                          "odds": [
                            {
                              "name": "Over",
                              "value": "1.38",
                              "stop": "False"
                            },
                            {
                              "name": "Under",
                              "value": "2.90",
                              "stop": "False"
                            }
                          ]
                        },
                        {
                          "type": "total",
                          "name": "50.5",
                          "ismain": "False",
                          "stop": "False",
                          "odds": [
                            {
                              "name": "Over",
                              "value": "1.48",
                              "stop": "False"
                            },
                            {
                              "name": "Under",
                              "value": "2.55",
                              "stop": "False"
                            }
                          ]
                        },
                        {
                          "type": "total",
                          "name": "51.5",
                          "ismain": "False",
                          "stop": "False",
                          "odds": [
                            {
                              "name": "Over",
                              "value": "1.52",
                              "stop": "False"
                            },
                            {
                              "name": "Under",
                              "value": "2.45",
                              "stop": "False"
                            }
                          ]
                        },
                        {
                          "type": "total",
                          "name": "52.5",
                          "ismain": "False",
                          "stop": "False",
                          "odds": [
                            {
                              "name": "Over",
                              "value": "1.57",
                              "stop": "False"
                            },
                            {
                              "name": "Under",
                              "value": "2.30",
                              "stop": "False"
                            }
                          ]
                        },
                        {
                          "type": "total",
                          "name": "53.5",
                          "ismain": "False",
                          "stop": "False",
                          "odds": [
                            {
                              "name": "Over",
                              "value": "1.65",
                              "stop": "False"
                            },
                            {
                              "name": "Under",
                              "value": "2.15",
                              "stop": "False"
                            }
                          ]
                        },
                        {
                          "type": "total",
                          "name": "54.5",
                          "ismain": "False",
                          "stop": "False",
                          "odds": [
                            {
                              "name": "Over",
                              "value": "1.70",
                              "stop": "False"
                            },
                            {
                              "name": "Under",
                              "value": "2.10",
                              "stop": "False"
                            }
                          ]
                        },
                        {
                          "type": "total",
                          "name": "55.5",
                          "ismain": "False",
                          "stop": "False",
                          "odds": [
                            {
                              "name": "Over",
                              "value": "1.80",
                              "stop": "False"
                            },
                            {
                              "name": "Under",
                              "value": "1.95",
                              "stop": "False"
                            }
                          ]
                        },
                        {
                          "type": "total",
                          "name": "56.5",
                          "ismain": "True",
                          "stop": "False",
                          "odds": [
                            {
                              "name": "Over",
                              "value": "1.89",
                              "stop": "False"
                            },
                            {
                              "name": "Under",
                              "value": "1.89",
                              "stop": "False"
                            }
                          ]
                        },
                        {
                          "type": "total",
                          "name": "57.5",
                          "ismain": "False",
                          "stop": "False",
                          "odds": [
                            {
                              "name": "Over",
                              "value": "1.95",
                              "stop": "False"
                            },
                            {
                              "name": "Under",
                              "value": "1.80",
                              "stop": "False"
                            }
                          ]
                        },
                        {
                          "type": "total",
                          "name": "58.5",
                          "ismain": "False",
                          "stop": "False",
                          "odds": [
                            {
                              "name": "Over",
                              "value": "2.10",
                              "stop": "False"
                            },
                            {
                              "name": "Under",
                              "value": "1.70",
                              "stop": "False"
                            }
                          ]
                        },
                        {
                          "type": "total",
                          "name": "59.5",
                          "ismain": "False",
                          "stop": "False",
                          "odds": [
                            {
                              "name": "Over",
                              "value": "2.15",
                              "stop": "False"
                            },
                            {
                              "name": "Under",
                              "value": "1.65",
                              "stop": "False"
                            }
                          ]
                        },
                        {
                          "type": "total",
                          "name": "60.5",
                          "ismain": "False",
                          "stop": "False",
                          "odds": [
                            {
                              "name": "Over",
                              "value": "2.30",
                              "stop": "False"
                            },
                            {
                              "name": "Under",
                              "value": "1.57",
                              "stop": "False"
                            }
                          ]
                        },
                        {
                          "type": "total",
                          "name": "61.5",
                          "ismain": "False",
                          "stop": "False",
                          "odds": [
                            {
                              "name": "Over",
                              "value": "2.45",
                              "stop": "False"
                            },
                            {
                              "name": "Under",
                              "value": "1.52",
                              "stop": "False"
                            }
                          ]
                        },
                        {
                          "type": "total",
                          "name": "62.5",
                          "ismain": "False",
                          "stop": "False",
                          "odds": [
                            {
                              "name": "Over",
                              "value": "2.65",
                              "stop": "False"
                            },
                            {
                              "name": "Under",
                              "value": "1.45",
                              "stop": "False"
                            }
                          ]
                        },
                        {
                          "type": "total",
                          "name": "63.5",
                          "ismain": "False",
                          "stop": "False",
                          "odds": [
                            {
                              "name": "Over",
                              "value": "2.75",
                              "stop": "False"
                            },
                            {
                              "name": "Under",
                              "value": "1.42",
                              "stop": "False"
                            }
                          ]
                        },
                        {
                          "type": "total",
                          "name": "64.5",
                          "ismain": "False",
                          "stop": "False",
                          "odds": [
                            {
                              "name": "Over",
                              "value": "3.00",
                              "stop": "False"
                            },
                            {
                              "name": "Under",
                              "value": "1.36",
                              "stop": "False"
                            }
                          ]
                        },
                        {
                          "type": "total",
                          "name": "65.5",
                          "ismain": "False",
                          "stop": "False",
                          "odds": [
                            {
                              "name": "Over",
                              "value": "3.15",
                              "stop": "False"
                            },
                            {
                              "name": "Under",
                              "value": "1.33",
                              "stop": "False"
                            }
                          ]
                        },
                        {
                          "type": "total",
                          "name": "66.5",
                          "ismain": "False",
                          "stop": "False",
                          "odds": [
                            {
                              "name": "Over",
                              "value": "3.35",
                              "stop": "False"
                            },
                            {
                              "name": "Under",
                              "value": "1.30",
                              "stop": "False"
                            }
                          ]
                        },
                        {
                          "type": "total",
                          "name": "67.5",
                          "ismain": "False",
                          "stop": "False",
                          "odds": [
                            {
                              "name": "Over",
                              "value": "3.60",
                              "stop": "False"
                            },
                            {
                              "name": "Under",
                              "value": "1.26",
                              "stop": "False"
                            }
                          ]
                        },
                        {
                          "type": "total",
                          "name": "68.5",
                          "ismain": "False",
                          "stop": "False",
                          "odds": [
                            {
                              "name": "Over",
                              "value": "4.00",
                              "stop": "False"
                            },
                            {
                              "name": "Under",
                              "value": "1.22",
                              "stop": "False"
                            }
                          ]
                        },
                        {
                          "type": "total",
                          "name": "69.5",
                          "ismain": "False",
                          "stop": "False",
                          "odds": [
                            {
                              "name": "Over",
                              "value": "4.33",
                              "stop": "False"
                            },
                            {
                              "name": "Under",
                              "value": "1.20",
                              "stop": "False"
                            }
                          ]
                        },
                        {
                          "type": "total",
                          "name": "70.5",
                          "ismain": "False",
                          "stop": "False",
                          "odds": [
                            {
                              "name": "Over",
                              "value": "4.50",
                              "stop": "False"
                            },
                            {
                              "name": "Under",
                              "value": "1.18",
                              "stop": "False"
                            }
                          ]
                        }
                      ]
                    }
                  ]
                },
                {
                  "id": "12",
                  "value": "HT/FT Double",
                  "stop": "False",
                  "bookmakers": [
                    {
                      "id": "16",
                      "name": "bet365",
                      "stop": "False",
                      "ts": "1757565388",
                      "odds": [
                        {
                          "name": "Draw/Waikato",
                          "value": "15.00",
                          "stop": "False"
                        },
                        {
                          "name": "Waikato/Draw",
                          "value": "41.00",
                          "stop": "False"
                        },
                        {
                          "name": "Waikato/Waikato",
                          "value": "1.57",
                          "stop": "False"
                        },
                        {
                          "name": "Draw/North Harbour",
                          "value": "34.00",
                          "stop": "False"
                        },
                        {
                          "name": "North Harbour/Draw",
                          "value": "41.00",
                          "stop": "False"
                        },
                        {
                          "name": "North Harbour/North Harbour",
                          "value": "5.00",
                          "stop": "False"
                        },
                        {
                          "name": "Waikato/North Harbour",
                          "value": "15.00",
                          "stop": "False"
                        },
                        {
                          "name": "North Harbour/Waikato",
                          "value": "6.00",
                          "stop": "False"
                        },
                        {
                          "name": "Draw/Draw",
                          "value": "67.00",
                          "stop": "False"
                        }
                      ]
                    }
                  ]
                },
                {
                  "id": "79",
                  "value": "Handicap Result",
                  "stop": "False",
                  "bookmakers": [
                    {
                      "id": "16",
                      "name": "bet365",
                      "stop": "True",
                      "ts": "1757565388",
                      "odds": [
                        {
                          "type": "handicap",
                          "name": "+1",
                          "ismain": "False",
                          "stop": "True",
                          "odds": [
                            {
                              "name": "Home",
                              "value": "1.16",
                              "stop": "True"
                            },
                            {
                              "name": "Draw",
                              "value": "34.00",
                              "stop": "True"
                            },
                            {
                              "name": "Away",
                              "value": "5.00",
                              "stop": "True"
                            }
                          ]
                        },
                        {
                          "type": "handicap",
                          "name": "+2",
                          "ismain": "False",
                          "stop": "False",
                          "odds": [
                            {
                              "name": "Home",
                              "value": "1.16",
                              "stop": "False"
                            },
                            {
                              "name": "Draw",
                              "value": "26.00",
                              "stop": "False"
                            },
                            {
                              "name": "Away",
                              "value": "5.00",
                              "stop": "False"
                            }
                          ]
                        },
                        {
                          "type": "handicap",
                          "name": "-4",
                          "ismain": "False",
                          "stop": "False",
                          "odds": [
                            {
                              "name": "Home",
                              "value": "1.42",
                              "stop": "False"
                            },
                            {
                              "name": "Draw",
                              "value": "21.00",
                              "stop": "False"
                            },
                            {
                              "name": "Away",
                              "value": "2.75",
                              "stop": "False"
                            }
                          ]
                        },
                        {
                          "type": "handicap",
                          "name": "-5",
                          "ismain": "False",
                          "stop": "True",
                          "odds": [
                            {
                              "name": "Home",
                              "value": "1.45",
                              "stop": "True"
                            },
                            {
                              "name": "Draw",
                              "value": "21.00",
                              "stop": "True"
                            },
                            {
                              "name": "Away",
                              "value": "2.70",
                              "stop": "True"
                            }
                          ]
                        },
                        {
                          "type": "handicap",
                          "name": "-23",
                          "ismain": "False",
                          "stop": "True",
                          "odds": [
                            {
                              "name": "Home",
                              "value": "3.75",
                              "stop": "True"
                            },
                            {
                              "name": "Away",
                              "value": "1.25",
                              "stop": "True"
                            },
                            {
                              "name": "Draw",
                              "value": "29.00",
                              "stop": "True"
                            }
                          ]
                        },
                        {
                          "type": "handicap",
                          "name": "-22",
                          "ismain": "False",
                          "stop": "False",
                          "odds": [
                            {
                              "name": "Home",
                              "value": "3.80",
                              "stop": "False"
                            },
                            {
                              "name": "Away",
                              "value": "1.23",
                              "stop": "False"
                            },
                            {
                              "name": "Draw",
                              "value": "29.00",
                              "stop": "False"
                            }
                          ]
                        },
                        {
                          "type": "handicap",
                          "name": "-17",
                          "ismain": "False",
                          "stop": "True",
                          "odds": [
                            {
                              "name": "Home",
                              "value": "2.50",
                              "stop": "True"
                            },
                            {
                              "name": "Away",
                              "value": "1.50",
                              "stop": "True"
                            },
                            {
                              "name": "Draw",
                              "value": "29.00",
                              "stop": "True"
                            }
                          ]
                        },
                        {
                          "type": "handicap",
                          "name": "-16",
                          "ismain": "False",
                          "stop": "False",
                          "odds": [
                            {
                              "name": "Home",
                              "value": "2.60",
                              "stop": "False"
                            },
                            {
                              "name": "Away",
                              "value": "1.47",
                              "stop": "False"
                            },
                            {
                              "name": "Draw",
                              "value": "29.00",
                              "stop": "False"
                            }
                          ]
                        },
                        {
                          "type": "handicap",
                          "name": "-11",
                          "ismain": "False",
                          "stop": "True",
                          "odds": [
                            {
                              "name": "Home",
                              "value": "1.87",
                              "stop": "True"
                            },
                            {
                              "name": "Away",
                              "value": "1.91",
                              "stop": "True"
                            },
                            {
                              "name": "Draw",
                              "value": "17.00",
                              "stop": "True"
                            }
                          ]
                        },
                        {
                          "type": "handicap",
                          "name": "-10",
                          "ismain": "False",
                          "stop": "False",
                          "odds": [
                            {
                              "name": "Home",
                              "value": "1.91",
                              "stop": "False"
                            },
                            {
                              "name": "Away",
                              "value": "1.91",
                              "stop": "False"
                            },
                            {
                              "name": "Draw",
                              "value": "17.00",
                              "stop": "False"
                            }
                          ]
                        }
                      ]
                    }
                  ]
                },
                {
                  "id": "91",
                  "value": "Highest Scoring Half",
                  "stop": "False",
                  "bookmakers": [
                    {
                      "id": "16",
                      "name": "bet365",
                      "stop": "True",
                      "ts": "1757565388",
                      "odds": [
                        {
                          "name": "Draw",
                          "value": "21.00",
                          "stop": "True"
                        },
                        {
                          "name": "1st Half",
                          "value": "1.83",
                          "stop": "True"
                        },
                        {
                          "name": "2nd Half",
                          "value": "1.91",
                          "stop": "True"
                        }
                      ]
                    }
                  ]
                },
                {
                  "id": "2102",
                  "value": "1st Half 3Way Result",
                  "stop": "False",
                  "bookmakers": [
                    {
                      "id": "16",
                      "name": "bet365",
                      "stop": "False",
                      "ts": "1757565388",
                      "odds": [
                        {
                          "name": "Home",
                          "value": "1.47",
                          "stop": "False"
                        },
                        {
                          "name": "Draw",
                          "value": "12.00",
                          "stop": "False"
                        },
                        {
                          "name": "Away",
                          "value": "3.00",
                          "stop": "False"
                        }
                      ]
                    }
                  ]
                },
                {
                  "id": "2293",
                  "value": "Win Both Halves",
                  "stop": "False",
                  "bookmakers": [
                    {
                      "id": "16",
                      "name": "bet365",
                      "stop": "False",
                      "ts": "1757568119",
                      "odds": [
                        {
                          "name": "Draw",
                          "value": "1.77",
                          "stop": "False"
                        },
                        {
                          "name": "Home/Away",
                          "value": "2.02",
                          "stop": "False"
                        }
                      ]
                    }
                  ]
                },
                {
                  "id": "22600",
                  "value": "Handicap Result 1st Half",
                  "stop": "False",
                  "bookmakers": [
                    {
                      "id": "16",
                      "name": "bet365",
                      "stop": "False",
                      "ts": "1757565388",
                      "odds": [
                        {
                          "type": "handicap",
                          "name": "-5",
                          "ismain": "False",
                          "stop": "False",
                          "odds": [
                            {
                              "name": "Home",
                              "value": "1.97",
                              "stop": "False"
                            },
                            {
                              "name": "Draw",
                              "value": "17.00",
                              "stop": "False"
                            },
                            {
                              "name": "Away",
                              "value": "1.91",
                              "stop": "False"
                            }
                          ]
                        },
                        {
                          "type": "handicap",
                          "name": "-6",
                          "ismain": "False",
                          "stop": "True",
                          "odds": [
                            {
                              "name": "Home",
                              "value": "1.83",
                              "stop": "True"
                            },
                            {
                              "name": "Draw",
                              "value": "41.00",
                              "stop": "True"
                            },
                            {
                              "name": "Away",
                              "value": "1.89",
                              "stop": "True"
                            }
                          ]
                        }
                      ]
                    }
                  ]
                },
                {
                  "id": "22601",
                  "value": "Asian Handicap First Half",
                  "stop": "False",
                  "bookmakers": [
                    {
                      "id": "16",
                      "name": "bet365",
                      "stop": "False",
                      "ts": "1757565388",
                      "odds": [
                        {
                          "type": "handicap",
                          "name": "-5.5",
                          "ismain": "True",
                          "stop": "False",
                          "odds": [
                            {
                              "name": "Home",
                              "value": "1.97",
                              "stop": "False"
                            },
                            {
                              "name": "Away",
                              "value": "1.82",
                              "stop": "False"
                            }
                          ]
                        }
                      ]
                    }
                  ]
                },
                {
                  "id": "22608",
                  "value": "Odd/Even",
                  "stop": "False",
                  "bookmakers": [
                    {
                      "id": "16",
                      "name": "bet365",
                      "stop": "False",
                      "ts": "1757572087",
                      "odds": [
                        {
                          "name": "Odd",
                          "value": "1.87",
                          "stop": "False"
                        },
                        {
                          "name": "Even",
                          "value": "1.87",
                          "stop": "False"
                        }
                      ]
                    }
                  ]
                },
                {
                  "id": "22610",
                  "value": "Home Odd/Even",
                  "stop": "False",
                  "bookmakers": [
                    {
                      "id": "16",
                      "name": "bet365",
                      "stop": "False",
                      "ts": "1757565388",
                      "odds": [
                        {
                          "name": "Odd",
                          "value": "1.91",
                          "stop": "False"
                        },
                        {
                          "name": "Even",
                          "value": "1.91",
                          "stop": "False"
                        }
                      ]
                    }
                  ]
                },
                {
                  "id": "22611",
                  "value": "Away Odd/Even",
                  "stop": "False",
                  "bookmakers": [
                    {
                      "id": "16",
                      "name": "bet365",
                      "stop": "False",
                      "ts": "1757565388",
                      "odds": [
                        {
                          "name": "Odd",
                          "value": "1.93",
                          "stop": "False"
                        },
                        {
                          "name": "Even",
                          "value": "1.89",
                          "stop": "False"
                        }
                      ]
                    }
                  ]
                },
                {
                  "id": "22612",
                  "value": "Home win both halves",
                  "stop": "False",
                  "bookmakers": [
                    {
                      "id": "16",
                      "name": "bet365",
                      "stop": "True",
                      "ts": "1757565388",
                      "odds": [
                        {
                          "name": "Yes",
                          "value": "2.25",
                          "stop": "True"
                        },
                        {
                          "name": "No",
                          "value": "1.60",
                          "stop": "True"
                        }
                      ]
                    }
                  ]
                },
                {
                  "id": "22613",
                  "value": "Away win both halves",
                  "stop": "False",
                  "bookmakers": [
                    {
                      "id": "16",
                      "name": "bet365",
                      "stop": "True",
                      "ts": "1757565388",
                      "odds": [
                        {
                          "name": "Yes",
                          "value": "8.50",
                          "stop": "True"
                        },
                        {
                          "name": "No",
                          "value": "1.05",
                          "stop": "True"
                        }
                      ]
                    }
                  ]
                },
                {
                  "id": "22616",
                  "value": "Home Team Exact Goals Number",
                  "stop": "False",
                  "bookmakers": [
                    {
                      "id": "16",
                      "name": "bet365",
                      "stop": "False",
                      "ts": "1757570261",
                      "odds": [
                        {
                          "name": "1",
                          "value": "26.00",
                          "stop": "False"
                        },
                        {
                          "name": "2",
                          "value": "21.00",
                          "stop": "False"
                        },
                        {
                          "name": "3",
                          "value": "21.00",
                          "stop": "False"
                        },
                        {
                          "name": "4",
                          "value": "21.00",
                          "stop": "False"
                        },
                        {
                          "name": "5",
                          "value": "21.00",
                          "stop": "False"
                        },
                        {
                          "name": "8",
                          "value": "26.00",
                          "stop": "False"
                        },
                        {
                          "name": "9",
                          "value": "21.00",
                          "stop": "False"
                        },
                        {
                          "name": "10",
                          "value": "17.00",
                          "stop": "False"
                        },
                        {
                          "name": "11",
                          "value": "29.00",
                          "stop": "False"
                        },
                        {
                          "name": "7",
                          "value": "21.00",
                          "stop": "False"
                        },
                        {
                          "name": "12",
                          "value": "21.00",
                          "stop": "False"
                        },
                        {
                          "name": "6",
                          "value": "26.00",
                          "stop": "False"
                        },
                        {
                          "name": "27",
                          "value": "41.00",
                          "stop": "False"
                        },
                        {
                          "name": "28",
                          "value": "34.00",
                          "stop": "False"
                        },
                        {
                          "name": "13",
                          "value": "34.00",
                          "stop": "False"
                        },
                        {
                          "name": "21",
                          "value": "29.00",
                          "stop": "False"
                        },
                        {
                          "name": "22",
                          "value": "29.00",
                          "stop": "False"
                        },
                        {
                          "name": "23",
                          "value": "34.00",
                          "stop": "False"
                        },
                        {
                          "name": "24",
                          "value": "29.00",
                          "stop": "False"
                        },
                        {
                          "name": "25",
                          "value": "41.00",
                          "stop": "False"
                        },
                        {
                          "name": "26",
                          "value": "29.00",
                          "stop": "False"
                        },
                        {
                          "name": "29",
                          "value": "41.00",
                          "stop": "False"
                        },
                        {
                          "name": "14",
                          "value": "26.00",
                          "stop": "False"
                        },
                        {
                          "name": "19",
                          "value": "26.00",
                          "stop": "False"
                        },
                        {
                          "name": "20",
                          "value": "34.00",
                          "stop": "False"
                        },
                        {
                          "name": "17",
                          "value": "29.00",
                          "stop": "False"
                        },
                        {
                          "name": "18",
                          "value": "34.00",
                          "stop": "False"
                        },
                        {
                          "name": "16",
                          "value": "29.00",
                          "stop": "False"
                        },
                        {
                          "name": "15",
                          "value": "29.00",
                          "stop": "False"
                        },
                        {
                          "name": "more 30",
                          "value": "7.50",
                          "stop": "False"
                        }
                      ]
                    }
                  ]
                },
                {
                  "id": "22617",
                  "value": "Away Team Exact Goals Number",
                  "stop": "False",
                  "bookmakers": [
                    {
                      "id": "16",
                      "name": "bet365",
                      "stop": "False",
                      "ts": "1757570261",
                      "odds": [
                        {
                          "name": "1",
                          "value": "34.00",
                          "stop": "False"
                        },
                        {
                          "name": "2",
                          "value": "26.00",
                          "stop": "False"
                        },
                        {
                          "name": "3",
                          "value": "34.00",
                          "stop": "False"
                        },
                        {
                          "name": "4",
                          "value": "34.00",
                          "stop": "False"
                        },
                        {
                          "name": "5",
                          "value": "29.00",
                          "stop": "False"
                        },
                        {
                          "name": "8",
                          "value": "41.00",
                          "stop": "False"
                        },
                        {
                          "name": "9",
                          "value": "41.00",
                          "stop": "False"
                        },
                        {
                          "name": "10",
                          "value": "41.00",
                          "stop": "False"
                        },
                        {
                          "name": "11",
                          "value": "41.00",
                          "stop": "False"
                        },
                        {
                          "name": "7",
                          "value": "34.00",
                          "stop": "False"
                        },
                        {
                          "name": "12",
                          "value": "51.00",
                          "stop": "False"
                        },
                        {
                          "name": "6",
                          "value": "41.00",
                          "stop": "False"
                        },
                        {
                          "name": "27",
                          "value": "201.00",
                          "stop": "False"
                        },
                        {
                          "name": "28",
                          "value": "201.00",
                          "stop": "False"
                        },
                        {
                          "name": "13",
                          "value": "101.00",
                          "stop": "False"
                        },
                        {
                          "name": "21",
                          "value": "151.00",
                          "stop": "False"
                        },
                        {
                          "name": "22",
                          "value": "151.00",
                          "stop": "False"
                        },
                        {
                          "name": "23",
                          "value": "201.00",
                          "stop": "False"
                        },
                        {
                          "name": "24",
                          "value": "151.00",
                          "stop": "False"
                        },
                        {
                          "name": "25",
                          "value": "201.00",
                          "stop": "False"
                        },
                        {
                          "name": "26",
                          "value": "201.00",
                          "stop": "False"
                        },
                        {
                          "name": "29",
                          "value": "201.00",
                          "stop": "False"
                        },
                        {
                          "name": "14",
                          "value": "101.00",
                          "stop": "False"
                        },
                        {
                          "name": "19",
                          "value": "101.00",
                          "stop": "False"
                        },
                        {
                          "name": "20",
                          "value": "151.00",
                          "stop": "False"
                        },
                        {
                          "name": "17",
                          "value": "101.00",
                          "stop": "False"
                        },
                        {
                          "name": "18",
                          "value": "151.00",
                          "stop": "False"
                        },
                        {
                          "name": "16",
                          "value": "101.00",
                          "stop": "False"
                        },
                        {
                          "name": "15",
                          "value": "101.00",
                          "stop": "False"
                        },
                        {
                          "name": "more 30",
                          "value": "41.00",
                          "stop": "False"
                        }
                      ]
                    }
                  ]
                },
                {
                  "id": "22645",
                  "value": "Tie-break",
                  "stop": "False",
                  "bookmakers": [
                    {
                      "id": "16",
                      "name": "bet365",
                      "stop": "False",
                      "ts": "1757565388",
                      "odds": [
                        {
                          "name": "1 by 7+",
                          "value": "1.57",
                          "stop": "False"
                        },
                        {
                          "name": "2 by 7+",
                          "value": "8.00",
                          "stop": "False"
                        },
                        {
                          "name": "Any",
                          "value": "3.00",
                          "stop": "False"
                        }
                      ]
                    }
                  ]
                },
                {
                  "id": "22678",
                  "value": "Home/Away - 1st Half",
                  "stop": "False",
                  "bookmakers": [
                    {
                      "id": "16",
                      "name": "bet365",
                      "stop": "False",
                      "ts": "1757565388",
                      "odds": [
                        {
                          "name": "Home",
                          "value": "1.38",
                          "stop": "False"
                        },
                        {
                          "name": "Away",
                          "value": "3.00",
                          "stop": "False"
                        }
                      ]
                    }
                  ]
                },
                {
                  "id": "22938",
                  "value": "Either Team Win To Nill",
                  "stop": "False",
                  "bookmakers": [
                    {
                      "id": "16",
                      "name": "bet365",
                      "stop": "True",
                      "ts": "1757565388",
                      "odds": [
                        {
                          "name": "Yes",
                          "value": "17.00",
                          "stop": "True"
                        },
                        {
                          "name": "No",
                          "value": "1.01",
                          "stop": "True"
                        }
                      ]
                    }
                  ]
                },
                {
                  "id": "23111",
                  "value": "Last Team to Score",
                  "stop": "False",
                  "bookmakers": [
                    {
                      "id": "16",
                      "name": "bet365",
                      "stop": "True",
                      "ts": "1757566946",
                      "odds": [
                        {
                          "name": "Home",
                          "value": "1.60",
                          "stop": "True"
                        },
                        {
                          "name": "Away",
                          "value": "2.25",
                          "stop": "True"
                        }
                      ]
                    }
                  ]
                },
                {
                  "id": "23411",
                  "value": "Method of Victory",
                  "stop": "False",
                  "bookmakers": [
                    {
                      "id": "16",
                      "name": "bet365",
                      "stop": "False",
                      "ts": "1757565388",
                      "odds": [
                        {
                          "name": "1/Regular Time",
                          "value": "1.25",
                          "stop": "False"
                        },
                        {
                          "name": "1/Extra Time",
                          "value": "29.00",
                          "stop": "False"
                        },
                        {
                          "name": "2/Regular Time",
                          "value": "4.00",
                          "stop": "False"
                        },
                        {
                          "name": "2/Extra Time",
                          "value": "41.00",
                          "stop": "False"
                        }
                      ]
                    }
                  ]
                },
                {
                  "id": "23552",
                  "value": "Home team will win either half",
                  "stop": "False",
                  "bookmakers": [
                    {
                      "id": "16",
                      "name": "bet365",
                      "stop": "False",
                      "ts": "1757565388",
                      "odds": [
                        {
                          "name": "Yes",
                          "value": "1.08",
                          "stop": "False"
                        },
                        {
                          "name": "No",
                          "value": "7.00",
                          "stop": "False"
                        }
                      ]
                    }
                  ]
                },
                {
                  "id": "23553",
                  "value": "Away team will win either half",
                  "stop": "False",
                  "bookmakers": [
                    {
                      "id": "16",
                      "name": "bet365",
                      "stop": "False",
                      "ts": "1757565388",
                      "odds": [
                        {
                          "name": "Yes",
                          "value": "1.87",
                          "stop": "False"
                        },
                        {
                          "name": "No",
                          "value": "1.87",
                          "stop": "False"
                        }
                      ]
                    }
                  ]
                }
              ]
            }
          ]
        },
        {
          "name": "France: Pro D2",
          "gid": "1189",
          "id": "1189",
          "matches": [
            {
              "id": "142211",
              "status": "Not Started",
              "date": "12.09.2025",
              "time": "17:30",
              "localteam": {
                "id": "1666",
                "name": "Aurillac",
                "t1": "",
                "t2": "",
                "ot1": "",
                "ot2": "",
                "totalscore": ""
              },
              "awayteam": {
                "id": "1671",
                "name": "Beziers",
                "t1": "",
                "t2": "",
                "ot1": "",
                "ot2": "",
                "totalscore": ""
              },
              "odds": [
                {
                  "id": "1",
                  "value": "3Way Result",
                  "stop": "False",
                  "bookmakers": [
                    {
                      "id": "16",
                      "name": "bet365",
                      "stop": "False",
                      "ts": "1757565388",
                      "odds": [
                        {
                          "name": "Home",
                          "value": "1.44",
                          "stop": "False"
                        },
                        {
                          "name": "Draw",
                          "value": "21.00",
                          "stop": "False"
                        },
                        {
                          "name": "Away",
                          "value": "2.87",
                          "stop": "False"
                        }
                      ]
                    }
                  ]
                },
                {
                  "id": "2",
                  "value": "Home/Away",
                  "stop": "False",
                  "bookmakers": [
                    {
                      "id": "16",
                      "name": "bet365",
                      "stop": "False",
                      "ts": "1757565388",
                      "odds": [
                        {
                          "name": "Home",
                          "value": "1.44",
                          "stop": "False"
                        },
                        {
                          "name": "Away",
                          "value": "2.62",
                          "stop": "False"
                        }
                      ]
                    }
                  ]
                },
                {
                  "id": "4",
                  "value": "Asian Handicap",
                  "stop": "False",
                  "bookmakers": [
                    {
                      "id": "16",
                      "name": "bet365",
                      "stop": "False",
                      "ts": "1757565388",
                      "odds": [
                        {
                          "type": "handicap",
                          "name": "-5.5",
                          "ismain": "True",
                          "stop": "False",
                          "odds": [
                            {
                              "name": "Home",
                              "value": "1.90",
                              "stop": "False"
                            },
                            {
                              "name": "Away",
                              "value": "1.80",
                              "stop": "False"
                            }
                          ]
                        }
                      ]
                    }
                  ]
                },
                {
                  "id": "79",
                  "value": "Handicap Result",
                  "stop": "False",
                  "bookmakers": [
                    {
                      "id": "16",
                      "name": "bet365",
                      "stop": "False",
                      "ts": "1757565388",
                      "odds": [
                        {
                          "type": "handicap",
                          "name": "-5",
                          "ismain": "False",
                          "stop": "False",
                          "odds": [
                            {
                              "name": "Home",
                              "value": "1.90",
                              "stop": "False"
                            },
                            {
                              "name": "Draw",
                              "value": "17.00",
                              "stop": "False"
                            },
                            {
                              "name": "Away",
                              "value": "1.90",
                              "stop": "False"
                            }
                          ]
                        }
                      ]
                    }
                  ]
                },
                {
                  "id": "22608",
                  "value": "Odd/Even",
                  "stop": "False",
                  "bookmakers": [
                    {
                      "id": "16",
                      "name": "bet365",
                      "stop": "False",
                      "ts": "1757565388",
                      "odds": [
                        {
                          "name": "Odd",
                          "value": "1.83",
                          "stop": "False"
                        },
                        {
                          "name": "Even",
                          "value": "1.83",
                          "stop": "False"
                        }
                      ]
                    }
                  ]
                },
                {
                  "id": "22610",
                  "value": "Home Odd/Even",
                  "stop": "False",
                  "bookmakers": [
                    {
                      "id": "16",
                      "name": "bet365",
                      "stop": "False",
                      "ts": "1757565388",
                      "odds": [
                        {
                          "name": "Odd",
                          "value": "1.83",
                          "stop": "False"
                        },
                        {
                          "name": "Even",
                          "value": "1.83",
                          "stop": "False"
                        }
                      ]
                    }
                  ]
                },
                {
                  "id": "22611",
                  "value": "Away Odd/Even",
                  "stop": "False",
                  "bookmakers": [
                    {
                      "id": "16",
                      "name": "bet365",
                      "stop": "False",
                      "ts": "1757565388",
                      "odds": [
                        {
                          "name": "Odd",
                          "value": "1.83",
                          "stop": "False"
                        },
                        {
                          "name": "Even",
                          "value": "1.83",
                          "stop": "False"
                        }
                      ]
                    }
                  ]
                }
              ]
            },
            {
              "id": "141649",
              "status": "Not Started",
              "date": "12.09.2025",
              "time": "17:30",
              "localteam": {
                "id": "1914",
                "name": "Angouleme",
                "t1": "",
                "t2": "",
                "ot1": "",
                "ot2": "",
                "totalscore": ""
              },
              "awayteam": {
                "id": "1670",
                "name": "US Dax",
                "t1": "",
                "t2": "",
                "ot1": "",
                "ot2": "",
                "totalscore": ""
              },
              "odds": [
                {
                  "id": "1",
                  "value": "3Way Result",
                  "stop": "False",
                  "bookmakers": [
                    {
                      "id": "16",
                      "name": "bet365",
                      "stop": "False",
                      "ts": "1757565388",
                      "odds": [
                        {
                          "name": "Home",
                          "value": "1.16",
                          "stop": "False"
                        },
                        {
                          "name": "Draw",
                          "value": "34.00",
                          "stop": "False"
                        },
                        {
                          "name": "Away",
                          "value": "5.00",
                          "stop": "False"
                        }
                      ]
                    }
                  ]
                },
                {
                  "id": "2",
                  "value": "Home/Away",
                  "stop": "False",
                  "bookmakers": [
                    {
                      "id": "16",
                      "name": "bet365",
                      "stop": "False",
                      "ts": "1757565388",
                      "odds": [
                        {
                          "name": "Home",
                          "value": "1.16",
                          "stop": "False"
                        },
                        {
                          "name": "Away",
                          "value": "5.00",
                          "stop": "False"
                        }
                      ]
                    }
                  ]
                },
                {
                  "id": "4",
                  "value": "Asian Handicap",
                  "stop": "False",
                  "bookmakers": [
                    {
                      "id": "16",
                      "name": "bet365",
                      "stop": "False",
                      "ts": "1757565388",
                      "odds": [
                        {
                          "type": "handicap",
                          "name": "-12.5",
                          "ismain": "True",
                          "stop": "False",
                          "odds": [
                            {
                              "name": "Home",
                              "value": "1.90",
                              "stop": "False"
                            },
                            {
                              "name": "Away",
                              "value": "1.80",
                              "stop": "False"
                            }
                          ]
                        }
                      ]
                    }
                  ]
                },
                {
                  "id": "79",
                  "value": "Handicap Result",
                  "stop": "False",
                  "bookmakers": [
                    {
                      "id": "16",
                      "name": "bet365",
                      "stop": "False",
                      "ts": "1757565388",
                      "odds": [
                        {
                          "type": "handicap",
                          "name": "-12",
                          "ismain": "False",
                          "stop": "False",
                          "odds": [
                            {
                              "name": "Home",
                              "value": "1.90",
                              "stop": "False"
                            },
                            {
                              "name": "Away",
                              "value": "1.90",
                              "stop": "False"
                            },
                            {
                              "name": "Draw",
                              "value": "17.00",
                              "stop": "False"
                            }
                          ]
                        }
                      ]
                    }
                  ]
                },
                {
                  "id": "22608",
                  "value": "Odd/Even",
                  "stop": "False",
                  "bookmakers": [
                    {
                      "id": "16",
                      "name": "bet365",
                      "stop": "False",
                      "ts": "1757565388",
                      "odds": [
                        {
                          "name": "Odd",
                          "value": "1.83",
                          "stop": "False"
                        },
                        {
                          "name": "Even",
                          "value": "1.83",
                          "stop": "False"
                        }
                      ]
                    }
                  ]
                },
                {
                  "id": "22610",
                  "value": "Home Odd/Even",
                  "stop": "False",
                  "bookmakers": [
                    {
                      "id": "16",
                      "name": "bet365",
                      "stop": "False",
                      "ts": "1757565388",
                      "odds": [
                        {
                          "name": "Odd",
                          "value": "1.83",
                          "stop": "False"
                        },
                        {
                          "name": "Even",
                          "value": "1.83",
                          "stop": "False"
                        }
                      ]
                    }
                  ]
                },
                {
                  "id": "22611",
                  "value": "Away Odd/Even",
                  "stop": "False",
                  "bookmakers": [
                    {
                      "id": "16",
                      "name": "bet365",
                      "stop": "False",
                      "ts": "1757565388",
                      "odds": [
                        {
                          "name": "Odd",
                          "value": "1.83",
                          "stop": "False"
                        },
                        {
                          "name": "Even",
                          "value": "1.83",
                          "stop": "False"
                        }
                      ]
                    }
                  ]
                }
              ]
            },
            {
              "id": "142212",
              "status": "Not Started",
              "date": "12.09.2025",
              "time": "17:30",
              "localteam": {
                "id": "1981",
                "name": "Nevers",
                "t1": "",
                "t2": "",
                "ot1": "",
                "ot2": "",
                "totalscore": ""
              },
              "awayteam": {
                "id": "2001",
                "name": "Carcassonne",
                "t1": "",
                "t2": "",
                "ot1": "",
                "ot2": "",
                "totalscore": ""
              },
              "odds": [
                {
                  "id": "1",
                  "value": "3Way Result",
                  "stop": "False",
                  "bookmakers": [
                    {
                      "id": "16",
                      "name": "bet365",
                      "stop": "False",
                      "ts": "1757565388",
                      "odds": [
                        {
                          "name": "Home",
                          "value": "1.05",
                          "stop": "False"
                        },
                        {
                          "name": "Draw",
                          "value": "41.00",
                          "stop": "False"
                        },
                        {
                          "name": "Away",
                          "value": "9.00",
                          "stop": "False"
                        }
                      ]
                    }
                  ]
                },
                {
                  "id": "2",
                  "value": "Home/Away",
                  "stop": "False",
                  "bookmakers": [
                    {
                      "id": "16",
                      "name": "bet365",
                      "stop": "False",
                      "ts": "1757565388",
                      "odds": [
                        {
                          "name": "Home",
                          "value": "1.05",
                          "stop": "False"
                        },
                        {
                          "name": "Away",
                          "value": "9.00",
                          "stop": "False"
                        }
                      ]
                    }
                  ]
                },
                {
                  "id": "4",
                  "value": "Asian Handicap",
                  "stop": "False",
                  "bookmakers": [
                    {
                      "id": "16",
                      "name": "bet365",
                      "stop": "False",
                      "ts": "1757565388",
                      "odds": [
                        {
                          "type": "handicap",
                          "name": "-17.5",
                          "ismain": "True",
                          "stop": "False",
                          "odds": [
                            {
                              "name": "Home",
                              "value": "1.90",
                              "stop": "False"
                            },
                            {
                              "name": "Away",
                              "value": "1.80",
                              "stop": "False"
                            }
                          ]
                        }
                      ]
                    }
                  ]
                },
                {
                  "id": "79",
                  "value": "Handicap Result",
                  "stop": "False",
                  "bookmakers": [
                    {
                      "id": "16",
                      "name": "bet365",
                      "stop": "False",
                      "ts": "1757565388",
                      "odds": [
                        {
                          "type": "handicap",
                          "name": "-17",
                          "ismain": "False",
                          "stop": "False",
                          "odds": [
                            {
                              "name": "Home",
                              "value": "1.90",
                              "stop": "False"
                            },
                            {
                              "name": "Away",
                              "value": "1.90",
                              "stop": "False"
                            },
                            {
                              "name": "Draw",
                              "value": "17.00",
                              "stop": "False"
                            }
                          ]
                        }
                      ]
                    }
                  ]
                },
                {
                  "id": "22608",
                  "value": "Odd/Even",
                  "stop": "False",
                  "bookmakers": [
                    {
                      "id": "16",
                      "name": "bet365",
                      "stop": "False",
                      "ts": "1757565388",
                      "odds": [
                        {
                          "name": "Odd",
                          "value": "1.83",
                          "stop": "False"
                        },
                        {
                          "name": "Even",
                          "value": "1.83",
                          "stop": "False"
                        }
                      ]
                    }
                  ]
                },
                {
                  "id": "22610",
                  "value": "Home Odd/Even",
                  "stop": "False",
                  "bookmakers": [
                    {
                      "id": "16",
                      "name": "bet365",
                      "stop": "True",
                      "ts": "1757572087",
                      "odds": [
                        {
                          "name": "Odd",
                          "value": "1.83",
                          "stop": "True"
                        },
                        {
                          "name": "Even",
                          "value": "1.83",
                          "stop": "True"
                        }
                      ]
                    }
                  ]
                },
                {
                  "id": "22611",
                  "value": "Away Odd/Even",
                  "stop": "False",
                  "bookmakers": [
                    {
                      "id": "16",
                      "name": "bet365",
                      "stop": "True",
                      "ts": "1757572087",
                      "odds": [
                        {
                          "name": "Odd",
                          "value": "1.83",
                          "stop": "True"
                        },
                        {
                          "name": "Even",
                          "value": "1.83",
                          "stop": "True"
                        }
                      ]
                    }
                  ]
                }
              ]
            },
            {
              "id": "141651",
              "status": "Not Started",
              "date": "12.09.2025",
              "time": "17:00",
              "localteam": {
                "id": "2147",
                "name": "Provence Rugby",
                "t1": "",
                "t2": "",
                "ot1": "",
                "ot2": "",
                "totalscore": ""
              },
              "awayteam": {
                "id": "1030",
                "name": "Biarritz Olympique",
                "t1": "",
                "t2": "",
                "ot1": "",
                "ot2": "",
                "totalscore": ""
              },
              "odds": [
                {
                  "id": "1",
                  "value": "3Way Result",
                  "stop": "False",
                  "bookmakers": [
                    {
                      "id": "16",
                      "name": "bet365",
                      "stop": "False",
                      "ts": "1757565388",
                      "odds": [
                        {
                          "name": "Home",
                          "value": "1.08",
                          "stop": "False"
                        },
                        {
                          "name": "Draw",
                          "value": "34.00",
                          "stop": "False"
                        },
                        {
                          "name": "Away",
                          "value": "7.50",
                          "stop": "False"
                        }
                      ]
                    }
                  ]
                },
                {
                  "id": "2",
                  "value": "Home/Away",
                  "stop": "False",
                  "bookmakers": [
                    {
                      "id": "16",
                      "name": "bet365",
                      "stop": "False",
                      "ts": "1757565388",
                      "odds": [
                        {
                          "name": "Home",
                          "value": "1.08",
                          "stop": "False"
                        },
                        {
                          "name": "Away",
                          "value": "7.00",
                          "stop": "False"
                        }
                      ]
                    }
                  ]
                },
                {
                  "id": "4",
                  "value": "Asian Handicap",
                  "stop": "False",
                  "bookmakers": [
                    {
                      "id": "16",
                      "name": "bet365",
                      "stop": "False",
                      "ts": "1757565388",
                      "odds": [
                        {
                          "type": "handicap",
                          "name": "-15.5",
                          "ismain": "True",
                          "stop": "False",
                          "odds": [
                            {
                              "name": "Home",
                              "value": "1.90",
                              "stop": "False"
                            },
                            {
                              "name": "Away",
                              "value": "1.80",
                              "stop": "False"
                            }
                          ]
                        },
                        {
                          "type": "handicap",
                          "name": "-12.5",
                          "ismain": "False",
                          "stop": "True",
                          "odds": [
                            {
                              "name": "Home",
                              "value": "1.90",
                              "stop": "True"
                            },
                            {
                              "name": "Away",
                              "value": "1.80",
                              "stop": "True"
                            }
                          ]
                        }
                      ]
                    }
                  ]
                },
                {
                  "id": "79",
                  "value": "Handicap Result",
                  "stop": "False",
                  "bookmakers": [
                    {
                      "id": "16",
                      "name": "bet365",
                      "stop": "False",
                      "ts": "1757565388",
                      "odds": [
                        {
                          "type": "handicap",
                          "name": "-15",
                          "ismain": "False",
                          "stop": "False",
                          "odds": [
                            {
                              "name": "Home",
                              "value": "1.90",
                              "stop": "False"
                            },
                            {
                              "name": "Away",
                              "value": "1.90",
                              "stop": "False"
                            },
                            {
                              "name": "Draw",
                              "value": "17.00",
                              "stop": "False"
                            }
                          ]
                        },
                        {
                          "type": "handicap",
                          "name": "-12",
                          "ismain": "False",
                          "stop": "True",
                          "odds": [
                            {
                              "name": "Home",
                              "value": "1.90",
                              "stop": "True"
                            },
                            {
                              "name": "Away",
                              "value": "1.90",
                              "stop": "True"
                            },
                            {
                              "name": "Draw",
                              "value": "17.00",
                              "stop": "True"
                            }
                          ]
                        }
                      ]
                    }
                  ]
                },
                {
                  "id": "22608",
                  "value": "Odd/Even",
                  "stop": "False",
                  "bookmakers": [
                    {
                      "id": "16",
                      "name": "bet365",
                      "stop": "False",
                      "ts": "1757565388",
                      "odds": [
                        {
                          "name": "Odd",
                          "value": "1.83",
                          "stop": "False"
                        },
                        {
                          "name": "Even",
                          "value": "1.83",
                          "stop": "False"
                        }
                      ]
                    }
                  ]
                },
                {
                  "id": "22610",
                  "value": "Home Odd/Even",
                  "stop": "False",
                  "bookmakers": [
                    {
                      "id": "16",
                      "name": "bet365",
                      "stop": "False",
                      "ts": "1757569515",
                      "odds": [
                        {
                          "name": "Odd",
                          "value": "1.83",
                          "stop": "False"
                        },
                        {
                          "name": "Even",
                          "value": "1.83",
                          "stop": "False"
                        }
                      ]
                    }
                  ]
                },
                {
                  "id": "22611",
                  "value": "Away Odd/Even",
                  "stop": "False",
                  "bookmakers": [
                    {
                      "id": "16",
                      "name": "bet365",
                      "stop": "False",
                      "ts": "1757569515",
                      "odds": [
                        {
                          "name": "Odd",
                          "value": "1.83",
                          "stop": "False"
                        },
                        {
                          "name": "Even",
                          "value": "1.83",
                          "stop": "False"
                        }
                      ]
                    }
                  ]
                }
              ]
            }
          ]
        }
      ]
    }
  }
}