{
  "metadata": {
    "sport": "futsal",
    "display_name": "Futsal",
    "icon": "⚽",
    "fetch_timestamp": "2025-09-17T19:20:39.906219",
    "date_range": [
      "16.09.2025",
      "18.09.2025"
    ]
  },
  "odds_data": {
    "scores": {
      "sport": "futsal",
      "ts": "1758077427",
      "categories": [
        {
          "name": "Brazil: Lnf",
          "gid": "1017",
          "id": "1017",
          "matches": [
            {
              "id": "92298",
              "status": "22:30",
              "date": "Sep 17",
              "formatted_date": "17.09.2025",
              "time": "22:30",
              "venue": "",
              "static_id": "0",
              "fix_id": "0",
              "localteam": {
                "id": "1173",
                "name": "Jaragua",
                "goals": "?"
              },
              "visitorteam": {
                "id": "1179",
                "name": "Cascavel",
                "goals": "?"
              },
              "events": "",
              "ht": {
                "score": ""
              },
              "odds": [
                {
                  "id": "1",
                  "value": "3Way Result",
                  "stop": "False",
                  "bookmakers": [
                    {
                      "id": "16",
                      "name": "bet365",
                      "stop": "False",
                      "ts": "1758071703",
                      "odds": [
                        {
                          "name": "Home",
                          "value": "1.53",
                          "stop": "False"
                        },
                        {
                          "name": "Draw",
                          "value": "5.00",
                          "stop": "False"
                        },
                        {
                          "name": "Away",
                          "value": "3.75",
                          "stop": "False"
                        }
                      ]
                    }
                  ]
                },
                {
                  "id": "2",
                  "value": "Home/Away",
                  "stop": "False",
                  "bookmakers": [
                    {
                      "id": "16",
                      "name": "bet365",
                      "stop": "False",
                      "ts": "1758071703",
                      "odds": [
                        {
                          "name": "Home",
                          "value": "1.28",
                          "stop": "False"
                        },
                        {
                          "name": "Away",
                          "value": "3.25",
                          "stop": "False"
                        }
                      ]
                    }
                  ]
                },
                {
                  "id": "4",
                  "value": "Asian Handicap",
                  "stop": "False",
                  "bookmakers": [
                    {
                      "id": "16",
                      "name": "bet365",
                      "stop": "False",
                      "ts": "1758071703",
                      "odds": [
                        {
                          "type": "handicap",
                          "name": "-0.5",
                          "ismain": "True",
                          "stop": "False",
                          "odds": [
                            {
                              "name": "Home",
                              "value": "1.53",
                              "stop": "False"
                            },
                            {
                              "name": "Away",
                              "value": "2.37",
                              "stop": "False"
                            }
                          ]
                        }
                      ]
                    }
                  ]
                },
                {
                  "id": "5",
                  "value": "Over/Under",
                  "stop": "False",
                  "bookmakers": [
                    {
                      "id": "16",
                      "name": "bet365",
                      "stop": "False",
                      "ts": "1758071703",
                      "odds": [
                        {
                          "type": "total",
                          "name": "5.5",
                          "ismain": "True",
                          "stop": "False",
                          "odds": [
                            {
                              "name": "Over",
                              "value": "2.20",
                              "stop": "False"
                            },
                            {
                              "name": "Under",
                              "value": "1.61",
                              "stop": "False"
                            }
                          ]
                        }
                      ]
                    }
                  ]
                },
                {
                  "id": "12",
                  "value": "HT/FT Double",
                  "stop": "False",
                  "bookmakers": [
                    {
                      "id": "16",
                      "name": "bet365",
                      "stop": "True",
                      "ts": "1758077426",
                      "odds": [
                        {
                          "name": "FME Jaragua/Cascavel",
                          "value": "15.00",
                          "stop": "True"
                        },
                        {
                          "name": "Cascavel/FME Jaragua",
                          "value": "11.00",
                          "stop": "True"
                        },
                        {
                          "name": "Draw/FME Jaragua",
                          "value": "6.00",
                          "stop": "True"
                        },
                        {
                          "name": "FME Jaragua/Draw",
                          "value": "18.00",
                          "stop": "True"
                        },
                        {
                          "name": "FME Jaragua/FME Jaragua",
                          "value": "2.25",
                          "stop": "True"
                        },
                        {
                          "name": "Cascavel/Cascavel",
                          "value": "5.50",
                          "stop": "True"
                        },
                        {
                          "name": "Cascavel/Draw",
                          "value": "20.00",
                          "stop": "True"
                        },
                        {
                          "name": "Draw/Cascavel",
                          "value": "11.00",
                          "stop": "True"
                        },
                        {
                          "name": "Draw/Draw",
                          "value": "11.00",
                          "stop": "True"
                        }
                      ]
                    }
                  ]
                }
              ]
            }
          ]
        }
      ]
    }
  }
}