{
  "metadata": {
    "sport": "boxing",
    "display_name": "Boxing",
    "icon": "🥊",
    "fetch_timestamp": "2025-09-06T17:56:28.672533",
    "date_range": [
      "05.09.2025",
      "07.09.2025"
    ]
  },
  "odds_data": {
    "scores": {
      "sport": "boxing",
      "ts": "1757121090",
      "categories": [
        {
          "name": "Welterweight - Men: Others Matches (World)",
          "gid": "1600",
          "id": "1600",
          "matches": [
            {
              "id": "91632",
              "status": "Not Started",
              "date": "06.09.2025",
              "time": "21:59",
              "localteam": {
                "id": "4743",
                "name": "McCormack P.",
                "winner": "false",
                "reason": "",
                "round": ""
              },
              "awayteam": {
                "id": "6761",
                "name": "Parra M.",
                "winner": "false",
                "reason": "",
                "round": ""
              },
              "odds": [
                {
                  "id": "2",
                  "value": "Home/Away",
                  "stop": "False",
                  "bookmakers": [
                    {
                      "id": "16",
                      "name": "bet365",
                      "stop": "False",
                      "ts": "1757087555",
                      "odds": [
                        {
                          "name": "Home",
                          "value": "1.11",
                          "stop": "False"
                        },
                        {
                          "name": "Away",
                          "value": "6.50",
                          "stop": "False"
                        }
                      ]
                    }
                  ]
                },
                {
                  "id": "5",
                  "value": "Over/Under",
                  "stop": "False",
                  "bookmakers": [
                    {
                      "id": "16",
                      "name": "bet365",
                      "stop": "False",
                      "ts": "1757121089",
                      "odds": [
                        {
                          "type": "total",
                          "name": "8.5",
                          "ismain": "True",
                          "stop": "False",
                          "odds": [
                            {
                              "name": "Over",
                              "value": "1.83",
                              "stop": "False"
                            },
                            {
                              "name": "Under",
                              "value": "1.83",
                              "stop": "False"
                            }
                          ]
                        },
                        {
                          "type": "total",
                          "name": "7.5",
                          "ismain": "False",
                          "stop": "True",
                          "odds": [
                            {
                              "name": "Over",
                              "value": "1.72",
                              "stop": "True"
                            },
                            {
                              "name": "Under",
                              "value": "2.00",
                              "stop": "True"
                            }
                          ]
                        }
                      ]
                    }
                  ]
                },
                {
                  "id": "23411",
                  "value": "Method of Victory",
                  "stop": "False",
                  "bookmakers": [
                    {
                      "id": "16",
                      "name": "bet365",
                      "stop": "False",
                      "ts": "1757121089",
                      "odds": [
                        {
                          "name": "1-UD",
                          "value": "2.87",
                          "stop": "False"
                        },
                        {
                          "name": "1-SD",
                          "value": "8.50",
                          "stop": "False"
                        },
                        {
                          "name": "1-TK",
                          "value": "2.25",
                          "stop": "False"
                        },
                        {
                          "name": "1-DO",
                          "value": "81.00",
                          "stop": "False"
                        },
                        {
                          "name": "1-K",
                          "value": "6.00",
                          "stop": "False"
                        },
                        {
                          "name": "1-MD",
                          "value": "17.00",
                          "stop": "False"
                        },
                        {
                          "name": "1-TD",
                          "value": "81.00",
                          "stop": "False"
                        },
                        {
                          "name": "2-UD",
                          "value": "26.00",
                          "stop": "False"
                        },
                        {
                          "name": "2-SD",
                          "value": "81.00",
                          "stop": "False"
                        },
                        {
                          "name": "2-TK",
                          "value": "11.00",
                          "stop": "False"
                        },
                        {
                          "name": "2-DO",
                          "value": "101.00",
                          "stop": "False"
                        },
                        {
                          "name": "2-K",
                          "value": "34.00",
                          "stop": "False"
                        },
                        {
                          "name": "2-MD",
                          "value": "101.00",
                          "stop": "False"
                        },
                        {
                          "name": "2-TD",
                          "value": "81.00",
                          "stop": "False"
                        },
                        {
                          "name": "E-UD",
                          "value": "2.75",
                          "stop": "False"
                        },
                        {
                          "name": "E-SD",
                          "value": "8.00",
                          "stop": "False"
                        },
                        {
                          "name": "E-TK",
                          "value": "2.10",
                          "stop": "False"
                        },
                        {
                          "name": "E-DO",
                          "value": "67.00",
                          "stop": "False"
                        },
                        {
                          "name": "E-K",
                          "value": "5.50",
                          "stop": "False"
                        },
                        {
                          "name": "E-MD",
                          "value": "15.00",
                          "stop": "False"
                        },
                        {
                          "name": "E-TD",
                          "value": "51.00",
                          "stop": "False"
                        },
                        {
                          "name": "E-X",
                          "value": "23.00",
                          "stop": "False"
                        },
                        {
                          "name": "Draw",
                          "value": "23.00",
                          "stop": "False"
                        }
                      ]
                    }
                  ]
                }
              ]
            }
          ]
        },
        {
          "name": "Super Middleweight - Men: Bbbofc English Title (World)",
          "gid": "2016",
          "id": "2016",
          "matches": [
            {
              "id": "91633",
              "status": "Not Started",
              "date": "06.09.2025",
              "time": "21:00",
              "localteam": {
                "id": "5318",
                "name": "Dickinson M.",
                "winner": "false",
                "reason": "",
                "round": ""
              },
              "awayteam": {
                "id": "4292",
                "name": "Williamson T.",
                "winner": "false",
                "reason": "",
                "round": ""
              },
              "odds": [
                {
                  "id": "2",
                  "value": "Home/Away",
                  "stop": "False",
                  "bookmakers": [
                    {
                      "id": "16",
                      "name": "bet365",
                      "stop": "False",
                      "ts": "1757121089",
                      "odds": [
                        {
                          "name": "Home",
                          "value": "1.36",
                          "stop": "False"
                        },
                        {
                          "name": "Away",
                          "value": "3.20",
                          "stop": "False"
                        }
                      ]
                    }
                  ]
                },
                {
                  "id": "5",
                  "value": "Over/Under",
                  "stop": "False",
                  "bookmakers": [
                    {
                      "id": "16",
                      "name": "bet365",
                      "stop": "False",
                      "ts": "1757082542",
                      "odds": [
                        {
                          "type": "total",
                          "name": "8.5",
                          "ismain": "True",
                          "stop": "False",
                          "odds": [
                            {
                              "name": "Over",
                              "value": "1.25",
                              "stop": "False"
                            },
                            {
                              "name": "Under",
                              "value": "3.75",
                              "stop": "False"
                            }
                          ]
                        }
                      ]
                    }
                  ]
                },
                {
                  "id": "23411",
                  "value": "Method of Victory",
                  "stop": "False",
                  "bookmakers": [
                    {
                      "id": "16",
                      "name": "bet365",
                      "stop": "False",
                      "ts": "1757028885",
                      "odds": [
                        {
                          "name": "1-UD",
                          "value": "2.10",
                          "stop": "False"
                        },
                        {
                          "name": "1-SD",
                          "value": "6.00",
                          "stop": "False"
                        },
                        {
                          "name": "1-TK",
                          "value": "5.00",
                          "stop": "False"
                        },
                        {
                          "name": "1-DO",
                          "value": "101.00",
                          "stop": "False"
                        },
                        {
                          "name": "1-K",
                          "value": "17.00",
                          "stop": "False"
                        },
                        {
                          "name": "1-MD",
                          "value": "12.00",
                          "stop": "False"
                        },
                        {
                          "name": "1-TD",
                          "value": "67.00",
                          "stop": "False"
                        },
                        {
                          "name": "2-UD",
                          "value": "9.00",
                          "stop": "False"
                        },
                        {
                          "name": "2-SD",
                          "value": "26.00",
                          "stop": "False"
                        },
                        {
                          "name": "2-TK",
                          "value": "10.00",
                          "stop": "False"
                        },
                        {
                          "name": "2-DO",
                          "value": "101.00",
                          "stop": "False"
                        },
                        {
                          "name": "2-K",
                          "value": "34.00",
                          "stop": "False"
                        },
                        {
                          "name": "2-MD",
                          "value": "51.00",
                          "stop": "False"
                        },
                        {
                          "name": "2-TD",
                          "value": "67.00",
                          "stop": "False"
                        },
                        {
                          "name": "E-UD",
                          "value": "1.90",
                          "stop": "False"
                        },
                        {
                          "name": "E-SD",
                          "value": "5.50",
                          "stop": "False"
                        },
                        {
                          "name": "E-TK",
                          "value": "3.75",
                          "stop": "False"
                        },
                        {
                          "name": "E-DO",
                          "value": "67.00",
                          "stop": "False"
                        },
                        {
                          "name": "E-K",
                          "value": "13.00",
                          "stop": "False"
                        },
                        {
                          "name": "E-MD",
                          "value": "11.00",
                          "stop": "False"
                        },
                        {
                          "name": "E-TD",
                          "value": "41.00",
                          "stop": "False"
                        },
                        {
                          "name": "E-X",
                          "value": "15.00",
                          "stop": "False"
                        },
                        {
                          "name": "Draw",
                          "value": "15.00",
                          "stop": "False"
                        }
                      ]
                    }
                  ]
                }
              ]
            }
          ]
        },
        {
          "name": "Welterweight - Women: Others Matches (World)",
          "gid": "1795",
          "id": "1795",
          "matches": [
            {
              "id": "91646",
              "status": "Not Started",
              "date": "06.09.2025",
              "time": "20:00",
              "localteam": {
                "id": "4216",
                "name": "Ryan S.",
                "winner": "false",
                "reason": "",
                "round": ""
              },
              "awayteam": {
                "id": "7347",
                "name": "Grierson J.",
                "winner": "false",
                "reason": "",
                "round": ""
              },
              "odds": [
                {
                  "id": "2",
                  "value": "Home/Away",
                  "stop": "False",
                  "bookmakers": [
                    {
                      "id": "16",
                      "name": "bet365",
                      "stop": "False",
                      "ts": "1757067776",
                      "odds": [
                        {
                          "name": "Home",
                          "value": "1.03",
                          "stop": "False"
                        },
                        {
                          "name": "Away",
                          "value": "15.00",
                          "stop": "False"
                        }
                      ]
                    }
                  ]
                }
              ]
            }
          ]
        },
        {
          "name": "Super Featherweight - Men: Others Matches (World)",
          "gid": "1547",
          "id": "1547",
          "matches": [
            {
              "id": "91643",
              "status": "Not Started",
              "date": "07.09.2025",
              "time": "04:00",
              "localteam": {
                "id": "4132",
                "name": "Valdez O.",
                "winner": "false",
                "reason": "",
                "round": ""
              },
              "awayteam": {
                "id": "4656",
                "name": "Medina R.",
                "winner": "false",
                "reason": "",
                "round": ""
              },
              "odds": [
                {
                  "id": "2",
                  "value": "Home/Away",
                  "stop": "False",
                  "bookmakers": [
                    {
                      "id": "16",
                      "name": "bet365",
                      "stop": "False",
                      "ts": "1757072113",
                      "odds": [
                        {
                          "name": "Home",
                          "value": "1.06",
                          "stop": "False"
                        },
                        {
                          "name": "Away",
                          "value": "9.50",
                          "stop": "False"
                        }
                      ]
                    }
                  ]
                }
              ]
            }
          ]
        },
        {
          "name": "Super Flyweight - Men: Others Matches (World)",
          "gid": "1523",
          "id": "1523",
          "matches": [
            {
              "id": "91645",
              "status": "Not Started",
              "date": "07.09.2025",
              "time": "03:00",
              "localteam": {
                "id": "6084",
                "name": "Guevara P.",
                "winner": "false",
                "reason": "",
                "round": ""
              },
              "awayteam": {
                "id": "6258",
                "name": "Curiel A.",
                "winner": "false",
                "reason": "",
                "round": ""
              },
              "odds": [
                {
                  "id": "2",
                  "value": "Home/Away",
                  "stop": "False",
                  "bookmakers": [
                    {
                      "id": "16",
                      "name": "bet365",
                      "stop": "False",
                      "ts": "1757102083",
                      "odds": [
                        {
                          "name": "Home",
                          "value": "1.40",
                          "stop": "False"
                        },
                        {
                          "name": "Away",
                          "value": "3.00",
                          "stop": "False"
                        }
                      ]
                    }
                  ]
                },
                {
                  "id": "5",
                  "value": "Over/Under",
                  "stop": "False",
                  "bookmakers": [
                    {
                      "id": "16",
                      "name": "bet365",
                      "stop": "False",
                      "ts": "1757102083",
                      "odds": [
                        {
                          "type": "total",
                          "name": "8.5",
                          "ismain": "True",
                          "stop": "False",
                          "odds": [
                            {
                              "name": "Over",
                              "value": "1.18",
                              "stop": "False"
                            },
                            {
                              "name": "Under",
                              "value": "4.50",
                              "stop": "False"
                            }
                          ]
                        }
                      ]
                    }
                  ]
                }
              ]
            }
          ]
        },
        {
          "name": "Lightweight - Men: Nabf Title (World)",
          "gid": "1565",
          "id": "1565",
          "matches": [
            {
              "id": "91605",
              "status": "Finished",
              "date": "06.09.2025",
              "time": "03:00",
              "localteam": {
                "id": "4572",
                "name": "White J.",
                "winner": "false",
                "reason": "",
                "round": ""
              },
              "awayteam": {
                "id": "5371",
                "name": "Tellez Giron R.",
                "winner": "false",
                "reason": "",
                "round": ""
              },
              "odds": [
                {
                  "id": "2",
                  "value": "Home/Away",
                  "stop": "False",
                  "bookmakers": [
                    {
                      "id": "16",
                      "name": "bet365",
                      "stop": "False",
                      "ts": "1757049522",
                      "odds": [
                        {
                          "name": "Home",
                          "value": "1.13",
                          "stop": "False"
                        },
                        {
                          "name": "Away",
                          "value": "5.75",
                          "stop": "False"
                        }
                      ]
                    }
                  ]
                },
                {
                  "id": "5",
                  "value": "Over/Under",
                  "stop": "False",
                  "bookmakers": [
                    {
                      "id": "16",
                      "name": "bet365",
                      "stop": "False",
                      "ts": "1757049522",
                      "odds": [
                        {
                          "type": "total",
                          "name": "8.5",
                          "ismain": "True",
                          "stop": "False",
                          "odds": [
                            {
                              "name": "Over",
                              "value": "1.30",
                              "stop": "False"
                            },
                            {
                              "name": "Under",
                              "value": "3.40",
                              "stop": "False"
                            }
                          ]
                        }
                      ]
                    }
                  ]
                }
              ]
            }
          ]
        }
      ]
    }
  }
}