{
  "metadata": {
    "sport": "mma",
    "display_name": "MMA",
    "icon": "🥋",
    "fetch_timestamp": "2025-09-06T17:59:29.447523",
    "date_range": [
      "05.09.2025",
      "07.09.2025"
    ]
  },
  "odds_data": {
    "scores": {
      "sport": "mma",
      "ts": "1757123841",
      "categories": [
        {
          "name": "UFC Fight Night: Paris",
          "gid": "101154",
          "id": "101154",
          "matches": [
            {
              "id": "101156",
              "status": "Not Started",
              "date": "06.09.2025",
              "time": "21:30",
              "localteam": {
                "id": "97998",
                "name": "Caio Borralho",
                "winner": "false",
                "reason": "",
                "round": ""
              },
              "awayteam": {
                "id": "88097",
                "name": "Nassourdine Imavov",
                "winner": "false",
                "reason": "",
                "round": ""
              },
              "odds": [
                {
                  "id": "2",
                  "value": "Home/Away",
                  "stop": "False",
                  "bookmakers": [
                    {
                      "id": "16",
                      "name": "bet365",
                      "stop": "False",
                      "ts": "1757028885",
                      "odds": [
                        {
                          "name": "Away",
                          "value": "2.10",
                          "stop": "False"
                        },
                        {
                          "name": "Home",
                          "value": "1.72",
                          "stop": "False"
                        }
                      ]
                    }
                  ]
                },
                {
                  "id": "4",
                  "value": "Asian Handicap",
                  "stop": "False",
                  "bookmakers": [
                    {
                      "id": "16",
                      "name": "bet365",
                      "stop": "False",
                      "ts": "1757028885",
                      "odds": [
                        {
                          "type": "handicap",
                          "name": "+5.5",
                          "ismain": "True",
                          "stop": "False",
                          "odds": [
                            {
                              "name": "Away",
                              "value": "1.33",
                              "stop": "False"
                            },
                            {
                              "name": "Home",
                              "value": "3.25",
                              "stop": "False"
                            }
                          ]
                        }
                      ]
                    }
                  ]
                },
                {
                  "id": "5",
                  "value": "Over/Under",
                  "stop": "False",
                  "bookmakers": [
                    {
                      "id": "16",
                      "name": "bet365",
                      "stop": "False",
                      "ts": "1757028885",
                      "odds": [
                        {
                          "type": "total",
                          "name": "1.5",
                          "ismain": "False",
                          "stop": "False",
                          "odds": [
                            {
                              "name": "Over",
                              "value": "1.12",
                              "stop": "False"
                            },
                            {
                              "name": "Under",
                              "value": "5.75",
                              "stop": "False"
                            }
                          ]
                        },
                        {
                          "type": "total",
                          "name": "2.5",
                          "ismain": "False",
                          "stop": "False",
                          "odds": [
                            {
                              "name": "Over",
                              "value": "1.23",
                              "stop": "False"
                            },
                            {
                              "name": "Under",
                              "value": "3.90",
                              "stop": "False"
                            }
                          ]
                        },
                        {
                          "type": "total",
                          "name": "3.5",
                          "ismain": "False",
                          "stop": "False",
                          "odds": [
                            {
                              "name": "Over",
                              "value": "1.36",
                              "stop": "False"
                            },
                            {
                              "name": "Under",
                              "value": "3.00",
                              "stop": "False"
                            }
                          ]
                        },
                        {
                          "type": "total",
                          "name": "4.5",
                          "ismain": "True",
                          "stop": "False",
                          "odds": [
                            {
                              "name": "Over",
                              "value": "1.47",
                              "stop": "False"
                            },
                            {
                              "name": "Under",
                              "value": "2.55",
                              "stop": "False"
                            }
                          ]
                        }
                      ]
                    }
                  ]
                }
              ]
            },
            {
              "id": "101155",
              "status": "Not Started",
              "date": "06.09.2025",
              "time": "20:00",
              "localteam": {
                "id": "88436",
                "name": "Mason Jones",
                "winner": "false",
                "reason": "",
                "round": ""
              },
              "awayteam": {
                "id": "100001",
                "name": "Bolaji Oki",
                "winner": "false",
                "reason": "",
                "round": ""
              },
              "odds": [
                {
                  "id": "2",
                  "value": "Home/Away",
                  "stop": "False",
                  "bookmakers": [
                    {
                      "id": "16",
                      "name": "bet365",
                      "stop": "False",
                      "ts": "1757028885",
                      "odds": [
                        {
                          "name": "Away",
                          "value": "2.10",
                          "stop": "False"
                        },
                        {
                          "name": "Home",
                          "value": "1.72",
                          "stop": "False"
                        }
                      ]
                    }
                  ]
                },
                {
                  "id": "4",
                  "value": "Asian Handicap",
                  "stop": "False",
                  "bookmakers": [
                    {
                      "id": "16",
                      "name": "bet365",
                      "stop": "False",
                      "ts": "1757028885",
                      "odds": [
                        {
                          "type": "handicap",
                          "name": "+3.5",
                          "ismain": "True",
                          "stop": "False",
                          "odds": [
                            {
                              "name": "Away",
                              "value": "1.53",
                              "stop": "False"
                            },
                            {
                              "name": "Home",
                              "value": "2.37",
                              "stop": "False"
                            }
                          ]
                        }
                      ]
                    }
                  ]
                },
                {
                  "id": "5",
                  "value": "Over/Under",
                  "stop": "False",
                  "bookmakers": [
                    {
                      "id": "16",
                      "name": "bet365",
                      "stop": "False",
                      "ts": "1757028885",
                      "odds": [
                        {
                          "type": "total",
                          "name": "1.5",
                          "ismain": "False",
                          "stop": "False",
                          "odds": [
                            {
                              "name": "Over",
                              "value": "1.31",
                              "stop": "False"
                            },
                            {
                              "name": "Under",
                              "value": "3.20",
                              "stop": "False"
                            }
                          ]
                        },
                        {
                          "type": "total",
                          "name": "2.5",
                          "ismain": "True",
                          "stop": "False",
                          "odds": [
                            {
                              "name": "Over",
                              "value": "1.57",
                              "stop": "False"
                            },
                            {
                              "name": "Under",
                              "value": "2.30",
                              "stop": "False"
                            }
                          ]
                        }
                      ]
                    }
                  ]
                }
              ]
            },
            {
              "id": "101259",
              "status": "Not Started",
              "date": "06.09.2025",
              "time": "20:30",
              "localteam": {
                "id": "84546",
                "name": "Paul Craig",
                "winner": "false",
                "reason": "",
                "round": ""
              },
              "awayteam": {
                "id": "87809",
                "name": "Modestas Bukauskas",
                "winner": "false",
                "reason": "",
                "round": ""
              },
              "odds": [
                {
                  "id": "2",
                  "value": "Home/Away",
                  "stop": "False",
                  "bookmakers": [
                    {
                      "id": "16",
                      "name": "bet365",
                      "stop": "False",
                      "ts": "1757121177",
                      "odds": [
                        {
                          "name": "Away",
                          "value": "1.28",
                          "stop": "False"
                        },
                        {
                          "name": "Home",
                          "value": "3.75",
                          "stop": "False"
                        }
                      ]
                    }
                  ]
                },
                {
                  "id": "4",
                  "value": "Asian Handicap",
                  "stop": "False",
                  "bookmakers": [
                    {
                      "id": "16",
                      "name": "bet365",
                      "stop": "False",
                      "ts": "1757121177",
                      "odds": [
                        {
                          "type": "handicap",
                          "name": "-3.5",
                          "ismain": "True",
                          "stop": "False",
                          "odds": [
                            {
                              "name": "Away",
                              "value": "1.44",
                              "stop": "False"
                            },
                            {
                              "name": "Home",
                              "value": "2.62",
                              "stop": "False"
                            }
                          ]
                        }
                      ]
                    }
                  ]
                },
                {
                  "id": "5",
                  "value": "Over/Under",
                  "stop": "False",
                  "bookmakers": [
                    {
                      "id": "16",
                      "name": "bet365",
                      "stop": "False",
                      "ts": "1757048209",
                      "odds": [
                        {
                          "type": "total",
                          "name": "1.5",
                          "ismain": "True",
                          "stop": "False",
                          "odds": [
                            {
                              "name": "Over",
                              "value": "1.60",
                              "stop": "False"
                            },
                            {
                              "name": "Under",
                              "value": "2.25",
                              "stop": "False"
                            }
                          ]
                        },
                        {
                          "type": "total",
                          "name": "2.5",
                          "ismain": "False",
                          "stop": "False",
                          "odds": [
                            {
                              "name": "Over",
                              "value": "2.30",
                              "stop": "False"
                            },
                            {
                              "name": "Under",
                              "value": "1.57",
                              "stop": "False"
                            }
                          ]
                        }
                      ]
                    }
                  ]
                }
              ]
            },
            {
              "id": "101263",
              "status": "Not Started",
              "date": "06.09.2025",
              "time": "21:00",
              "localteam": {
                "id": "100210",
                "name": "Mauricio Ruffy",
                "winner": "false",
                "reason": "",
                "round": ""
              },
              "awayteam": {
                "id": "98134",
                "name": "Benoît Saint Denis",
                "winner": "false",
                "reason": "",
                "round": ""
              },
              "odds": [
                {
                  "id": "2",
                  "value": "Home/Away",
                  "stop": "False",
                  "bookmakers": [
                    {
                      "id": "16",
                      "name": "bet365",
                      "stop": "False",
                      "ts": "1757123840",
                      "odds": [
                        {
                          "name": "Away",
                          "value": "2.50",
                          "stop": "False"
                        },
                        {
                          "name": "Home",
                          "value": "1.57",
                          "stop": "False"
                        }
                      ]
                    }
                  ]
                },
                {
                  "id": "4",
                  "value": "Asian Handicap",
                  "stop": "False",
                  "bookmakers": [
                    {
                      "id": "16",
                      "name": "bet365",
                      "stop": "False",
                      "ts": "1757112407",
                      "odds": [
                        {
                          "type": "handicap",
                          "name": "+3.5",
                          "ismain": "True",
                          "stop": "False",
                          "odds": [
                            {
                              "name": "Away",
                              "value": "2.10",
                              "stop": "False"
                            },
                            {
                              "name": "Home",
                              "value": "1.66",
                              "stop": "False"
                            }
                          ]
                        }
                      ]
                    }
                  ]
                },
                {
                  "id": "5",
                  "value": "Over/Under",
                  "stop": "False",
                  "bookmakers": [
                    {
                      "id": "16",
                      "name": "bet365",
                      "stop": "False",
                      "ts": "1757028885",
                      "odds": [
                        {
                          "type": "total",
                          "name": "1.5",
                          "ismain": "True",
                          "stop": "False",
                          "odds": [
                            {
                              "name": "Over",
                              "value": "1.64",
                              "stop": "False"
                            },
                            {
                              "name": "Under",
                              "value": "2.15",
                              "stop": "False"
                            }
                          ]
                        },
                        {
                          "type": "total",
                          "name": "2.5",
                          "ismain": "False",
                          "stop": "False",
                          "odds": [
                            {
                              "name": "Over",
                              "value": "2.55",
                              "stop": "False"
                            },
                            {
                              "name": "Under",
                              "value": "1.47",
                              "stop": "False"
                            }
                          ]
                        }
                      ]
                    }
                  ]
                }
              ]
            },
            {
              "id": "101266",
              "status": "Not Started",
              "date": "06.09.2025",
              "time": "18:05",
              "localteam": {
                "id": "88195",
                "name": "Ante Delija",
                "winner": "false",
                "reason": "",
                "round": ""
              },
              "awayteam": {
                "id": "84678",
                "name": "Marcin Tybura",
                "winner": "false",
                "reason": "",
                "round": ""
              },
              "odds": [
                {
                  "id": "2",
                  "value": "Home/Away",
                  "stop": "False",
                  "bookmakers": [
                    {
                      "id": "16",
                      "name": "bet365",
                      "stop": "False",
                      "ts": "1757061593",
                      "odds": [
                        {
                          "name": "Away",
                          "value": "1.90",
                          "stop": "False"
                        },
                        {
                          "name": "Home",
                          "value": "1.90",
                          "stop": "False"
                        }
                      ]
                    }
                  ]
                },
                {
                  "id": "4",
                  "value": "Asian Handicap",
                  "stop": "False",
                  "bookmakers": [
                    {
                      "id": "16",
                      "name": "bet365",
                      "stop": "False",
                      "ts": "1757061593",
                      "odds": [
                        {
                          "type": "handicap",
                          "name": "+3.5",
                          "ismain": "True",
                          "stop": "False",
                          "odds": [
                            {
                              "name": "Away",
                              "value": "1.61",
                              "stop": "False"
                            },
                            {
                              "name": "Home",
                              "value": "2.20",
                              "stop": "False"
                            }
                          ]
                        }
                      ]
                    }
                  ]
                },
                {
                  "id": "5",
                  "value": "Over/Under",
                  "stop": "False",
                  "bookmakers": [
                    {
                      "id": "16",
                      "name": "bet365",
                      "stop": "False",
                      "ts": "1757061593",
                      "odds": [
                        {
                          "type": "total",
                          "name": "1.5",
                          "ismain": "False",
                          "stop": "False",
                          "odds": [
                            {
                              "name": "Over",
                              "value": "1.50",
                              "stop": "False"
                            },
                            {
                              "name": "Under",
                              "value": "2.50",
                              "stop": "False"
                            }
                          ]
                        },
                        {
                          "type": "total",
                          "name": "2.5",
                          "ismain": "True",
                          "stop": "False",
                          "odds": [
                            {
                              "name": "Over",
                              "value": "1.90",
                              "stop": "False"
                            },
                            {
                              "name": "Under",
                              "value": "1.76",
                              "stop": "False"
                            }
                          ]
                        }
                      ]
                    }
                  ]
                }
              ]
            },
            {
              "id": "101221",
              "status": "Not Started",
              "date": "06.09.2025",
              "time": "16:00",
              "localteam": {
                "id": "88387",
                "name": "Sam Hughes",
                "winner": "false",
                "reason": "",
                "round": ""
              },
              "awayteam": {
                "id": "99524",
                "name": "Shauna Bannon",
                "winner": "false",
                "reason": "",
                "round": ""
              },
              "odds": [
                {
                  "id": "2",
                  "value": "Home/Away",
                  "stop": "False",
                  "bookmakers": [
                    {
                      "id": "16",
                      "name": "bet365",
                      "stop": "False",
                      "ts": "1757042916",
                      "odds": [
                        {
                          "name": "Away",
                          "value": "3.50",
                          "stop": "False"
                        },
                        {
                          "name": "Home",
                          "value": "1.30",
                          "stop": "False"
                        }
                      ]
                    }
                  ]
                },
                {
                  "id": "4",
                  "value": "Asian Handicap",
                  "stop": "False",
                  "bookmakers": [
                    {
                      "id": "16",
                      "name": "bet365",
                      "stop": "False",
                      "ts": "1757042916",
                      "odds": [
                        {
                          "type": "handicap",
                          "name": "+3.5",
                          "ismain": "True",
                          "stop": "False",
                          "odds": [
                            {
                              "name": "Away",
                              "value": "1.83",
                              "stop": "False"
                            },
                            {
                              "name": "Home",
                              "value": "1.83",
                              "stop": "False"
                            }
                          ]
                        }
                      ]
                    }
                  ]
                },
                {
                  "id": "5",
                  "value": "Over/Under",
                  "stop": "False",
                  "bookmakers": [
                    {
                      "id": "16",
                      "name": "bet365",
                      "stop": "False",
                      "ts": "1757042916",
                      "odds": [
                        {
                          "type": "total",
                          "name": "1.5",
                          "ismain": "False",
                          "stop": "False",
                          "odds": [
                            {
                              "name": "Over",
                              "value": "1.11",
                              "stop": "False"
                            },
                            {
                              "name": "Under",
                              "value": "6.00",
                              "stop": "False"
                            }
                          ]
                        },
                        {
                          "type": "total",
                          "name": "2.5",
                          "ismain": "True",
                          "stop": "False",
                          "odds": [
                            {
                              "name": "Over",
                              "value": "1.20",
                              "stop": "False"
                            },
                            {
                              "name": "Under",
                              "value": "4.30",
                              "stop": "False"
                            }
                          ]
                        }
                      ]
                    }
                  ]
                }
              ]
            },
            {
              "id": "101261",
              "status": "Not Started",
              "date": "06.09.2025",
              "time": "19:00",
              "localteam": {
                "id": "101262",
                "name": "Robert Ruchala",
                "winner": "false",
                "reason": "",
                "round": ""
              },
              "awayteam": {
                "id": "98862",
                "name": "William Gomis",
                "winner": "false",
                "reason": "",
                "round": ""
              },
              "odds": [
                {
                  "id": "2",
                  "value": "Home/Away",
                  "stop": "False",
                  "bookmakers": [
                    {
                      "id": "16",
                      "name": "bet365",
                      "stop": "False",
                      "ts": "1757121861",
                      "odds": [
                        {
                          "name": "Away",
                          "value": "1.40",
                          "stop": "False"
                        },
                        {
                          "name": "Home",
                          "value": "3.00",
                          "stop": "False"
                        }
                      ]
                    }
                  ]
                },
                {
                  "id": "4",
                  "value": "Asian Handicap",
                  "stop": "False",
                  "bookmakers": [
                    {
                      "id": "16",
                      "name": "bet365",
                      "stop": "False",
                      "ts": "1757121861",
                      "odds": [
                        {
                          "type": "handicap",
                          "name": "-3.5",
                          "ismain": "True",
                          "stop": "False",
                          "odds": [
                            {
                              "name": "Away",
                              "value": "1.80",
                              "stop": "False"
                            },
                            {
                              "name": "Home",
                              "value": "1.90",
                              "stop": "False"
                            }
                          ]
                        }
                      ]
                    }
                  ]
                },
                {
                  "id": "5",
                  "value": "Over/Under",
                  "stop": "False",
                  "bookmakers": [
                    {
                      "id": "16",
                      "name": "bet365",
                      "stop": "False",
                      "ts": "1757061593",
                      "odds": [
                        {
                          "type": "total",
                          "name": "1.5",
                          "ismain": "False",
                          "stop": "False",
                          "odds": [
                            {
                              "name": "Over",
                              "value": "1.20",
                              "stop": "False"
                            },
                            {
                              "name": "Under",
                              "value": "4.30",
                              "stop": "False"
                            }
                          ]
                        },
                        {
                          "type": "total",
                          "name": "2.5",
                          "ismain": "True",
                          "stop": "False",
                          "odds": [
                            {
                              "name": "Over",
                              "value": "1.36",
                              "stop": "False"
                            },
                            {
                              "name": "Under",
                              "value": "3.00",
                              "stop": "False"
                            }
                          ]
                        }
                      ]
                    }
                  ]
                }
              ]
            },
            {
              "id": "101315",
              "status": "Not Started",
              "date": "06.09.2025",
              "time": "18:30",
              "localteam": {
                "id": "99951",
                "name": "Brendson Ribeiro",
                "winner": "false",
                "reason": "",
                "round": ""
              },
              "awayteam": {
                "id": "100263",
                "name": "Oumar Sy",
                "winner": "false",
                "reason": "",
                "round": ""
              },
              "odds": [
                {
                  "id": "2",
                  "value": "Home/Away",
                  "stop": "False",
                  "bookmakers": [
                    {
                      "id": "16",
                      "name": "bet365",
                      "stop": "False",
                      "ts": "1757121693",
                      "odds": [
                        {
                          "name": "Away",
                          "value": "1.18",
                          "stop": "False"
                        },
                        {
                          "name": "Home",
                          "value": "5.00",
                          "stop": "False"
                        }
                      ]
                    }
                  ]
                },
                {
                  "id": "4",
                  "value": "Asian Handicap",
                  "stop": "False",
                  "bookmakers": [
                    {
                      "id": "16",
                      "name": "bet365",
                      "stop": "False",
                      "ts": "1757121693",
                      "odds": [
                        {
                          "type": "handicap",
                          "name": "-3.5",
                          "ismain": "True",
                          "stop": "False",
                          "odds": [
                            {
                              "name": "Away",
                              "value": "1.33",
                              "stop": "False"
                            },
                            {
                              "name": "Home",
                              "value": "3.25",
                              "stop": "False"
                            }
                          ]
                        }
                      ]
                    }
                  ]
                },
                {
                  "id": "5",
                  "value": "Over/Under",
                  "stop": "False",
                  "bookmakers": [
                    {
                      "id": "16",
                      "name": "bet365",
                      "stop": "False",
                      "ts": "1757058702",
                      "odds": [
                        {
                          "type": "total",
                          "name": "1.5",
                          "ismain": "True",
                          "stop": "False",
                          "odds": [
                            {
                              "name": "Over",
                              "value": "1.66",
                              "stop": "False"
                            },
                            {
                              "name": "Under",
                              "value": "2.10",
                              "stop": "False"
                            }
                          ]
                        },
                        {
                          "type": "total",
                          "name": "2.5",
                          "ismain": "False",
                          "stop": "False",
                          "odds": [
                            {
                              "name": "Over",
                              "value": "2.35",
                              "stop": "False"
                            },
                            {
                              "name": "Under",
                              "value": "1.55",
                              "stop": "False"
                            }
                          ]
                        }
                      ]
                    }
                  ]
                }
              ]
            },
            {
              "id": "101264",
              "status": "Not Started",
              "date": "06.09.2025",
              "time": "16:50",
              "localteam": {
                "id": "99995",
                "name": "Robert Bryczek",
                "winner": "false",
                "reason": "",
                "round": ""
              },
              "awayteam": {
                "id": "85598",
                "name": "Brad Tavares",
                "winner": "false",
                "reason": "",
                "round": ""
              },
              "odds": [
                {
                  "id": "2",
                  "value": "Home/Away",
                  "stop": "False",
                  "bookmakers": [
                    {
                      "id": "16",
                      "name": "bet365",
                      "stop": "False",
                      "ts": "1757079581",
                      "odds": [
                        {
                          "name": "Away",
                          "value": "1.47",
                          "stop": "False"
                        },
                        {
                          "name": "Home",
                          "value": "2.75",
                          "stop": "False"
                        }
                      ]
                    }
                  ]
                },
                {
                  "id": "4",
                  "value": "Asian Handicap",
                  "stop": "False",
                  "bookmakers": [
                    {
                      "id": "16",
                      "name": "bet365",
                      "stop": "False",
                      "ts": "1757079581",
                      "odds": [
                        {
                          "type": "handicap",
                          "name": "-3.5",
                          "ismain": "True",
                          "stop": "False",
                          "odds": [
                            {
                              "name": "Away",
                              "value": "2.10",
                              "stop": "False"
                            },
                            {
                              "name": "Home",
                              "value": "1.66",
                              "stop": "False"
                            }
                          ]
                        }
                      ]
                    }
                  ]
                },
                {
                  "id": "5",
                  "value": "Over/Under",
                  "stop": "False",
                  "bookmakers": [
                    {
                      "id": "16",
                      "name": "bet365",
                      "stop": "False",
                      "ts": "1757079581",
                      "odds": [
                        {
                          "type": "total",
                          "name": "1.5",
                          "ismain": "False",
                          "stop": "False",
                          "odds": [
                            {
                              "name": "Over",
                              "value": "1.27",
                              "stop": "False"
                            },
                            {
                              "name": "Under",
                              "value": "3.60",
                              "stop": "False"
                            }
                          ]
                        },
                        {
                          "type": "total",
                          "name": "2.5",
                          "ismain": "True",
                          "stop": "False",
                          "odds": [
                            {
                              "name": "Over",
                              "value": "1.47",
                              "stop": "False"
                            },
                            {
                              "name": "Under",
                              "value": "2.55",
                              "stop": "False"
                            }
                          ]
                        }
                      ]
                    }
                  ]
                }
              ]
            },
            {
              "id": "101265",
              "status": "Not Started",
              "date": "06.09.2025",
              "time": "16:45",
              "localteam": {
                "id": "99388",
                "name": "Trey Waters",
                "winner": "false",
                "reason": "",
                "round": ""
              },
              "awayteam": {
                "id": "99150",
                "name": "Sam Patterson",
                "winner": "false",
                "reason": "",
                "round": ""
              },
              "odds": [
                {
                  "id": "2",
                  "value": "Home/Away",
                  "stop": "False",
                  "bookmakers": [
                    {
                      "id": "16",
                      "name": "bet365",
                      "stop": "False",
                      "ts": "1757028885",
                      "odds": [
                        {
                          "name": "Away",
                          "value": "1.53",
                          "stop": "False"
                        },
                        {
                          "name": "Home",
                          "value": "2.62",
                          "stop": "False"
                        }
                      ]
                    }
                  ]
                },
                {
                  "id": "4",
                  "value": "Asian Handicap",
                  "stop": "False",
                  "bookmakers": [
                    {
                      "id": "16",
                      "name": "bet365",
                      "stop": "False",
                      "ts": "1757028885",
                      "odds": [
                        {
                          "type": "handicap",
                          "name": "-3.5",
                          "ismain": "True",
                          "stop": "False",
                          "odds": [
                            {
                              "name": "Away",
                              "value": "1.66",
                              "stop": "False"
                            },
                            {
                              "name": "Home",
                              "value": "2.10",
                              "stop": "False"
                            }
                          ]
                        }
                      ]
                    }
                  ]
                },
                {
                  "id": "5",
                  "value": "Over/Under",
                  "stop": "False",
                  "bookmakers": [
                    {
                      "id": "16",
                      "name": "bet365",
                      "stop": "False",
                      "ts": "1757028885",
                      "odds": [
                        {
                          "type": "total",
                          "name": "1.5",
                          "ismain": "False",
                          "stop": "False",
                          "odds": [
                            {
                              "name": "Over",
                              "value": "1.57",
                              "stop": "False"
                            },
                            {
                              "name": "Under",
                              "value": "2.30",
                              "stop": "False"
                            }
                          ]
                        },
                        {
                          "type": "total",
                          "name": "2.5",
                          "ismain": "True",
                          "stop": "False",
                          "odds": [
                            {
                              "name": "Over",
                              "value": "2.25",
                              "stop": "False"
                            },
                            {
                              "name": "Under",
                              "value": "1.60",
                              "stop": "False"
                            }
                          ]
                        }
                      ]
                    }
                  ]
                }
              ]
            },
            {
              "id": "101220",
              "status": "Not Started",
              "date": "06.09.2025",
              "time": "16:25",
              "localteam": {
                "id": "98637",
                "name": "Rinat Fakhretdinov",
                "winner": "false",
                "reason": "",
                "round": ""
              },
              "awayteam": {
                "id": "100780",
                "name": "Andreas Gustafsson",
                "winner": "false",
                "reason": "",
                "round": ""
              },
              "odds": [
                {
                  "id": "2",
                  "value": "Home/Away",
                  "stop": "False",
                  "bookmakers": [
                    {
                      "id": "16",
                      "name": "bet365",
                      "stop": "False",
                      "ts": "1757093137",
                      "odds": [
                        {
                          "name": "Away",
                          "value": "1.72",
                          "stop": "False"
                        },
                        {
                          "name": "Home",
                          "value": "2.10",
                          "stop": "False"
                        }
                      ]
                    }
                  ]
                },
                {
                  "id": "4",
                  "value": "Asian Handicap",
                  "stop": "False",
                  "bookmakers": [
                    {
                      "id": "16",
                      "name": "bet365",
                      "stop": "False",
                      "ts": "1757093137",
                      "odds": [
                        {
                          "type": "handicap",
                          "name": "-3.5",
                          "ismain": "True",
                          "stop": "False",
                          "odds": [
                            {
                              "name": "Away",
                              "value": "2.20",
                              "stop": "False"
                            },
                            {
                              "name": "Home",
                              "value": "1.61",
                              "stop": "False"
                            }
                          ]
                        }
                      ]
                    }
                  ]
                },
                {
                  "id": "5",
                  "value": "Over/Under",
                  "stop": "False",
                  "bookmakers": [
                    {
                      "id": "16",
                      "name": "bet365",
                      "stop": "False",
                      "ts": "1757093137",
                      "odds": [
                        {
                          "type": "total",
                          "name": "1.5",
                          "ismain": "False",
                          "stop": "False",
                          "odds": [
                            {
                              "name": "Over",
                              "value": "1.25",
                              "stop": "False"
                            },
                            {
                              "name": "Under",
                              "value": "3.75",
                              "stop": "False"
                            }
                          ]
                        },
                        {
                          "type": "total",
                          "name": "2.5",
                          "ismain": "True",
                          "stop": "False",
                          "odds": [
                            {
                              "name": "Over",
                              "value": "1.45",
                              "stop": "False"
                            },
                            {
                              "name": "Under",
                              "value": "2.60",
                              "stop": "False"
                            }
                          ]
                        }
                      ]
                    }
                  ]
                }
              ]
            },
            {
              "id": "101344",
              "status": "Not Started",
              "date": "06.09.2025",
              "time": "19:00",
              "localteam": {
                "id": "101345",
                "name": "Losene Keita",
                "winner": "false",
                "reason": "",
                "round": ""
              },
              "awayteam": {
                "id": "100938",
                "name": "Patricio Pitbull",
                "winner": "false",
                "reason": "",
                "round": ""
              },
              "odds": [
                {
                  "id": "2",
                  "value": "Home/Away",
                  "stop": "False",
                  "bookmakers": [
                    {
                      "id": "16",
                      "name": "bet365",
                      "stop": "True",
                      "ts": "1757038580",
                      "odds": [
                        {
                          "name": "Away",
                          "value": "2.87",
                          "stop": "True"
                        },
                        {
                          "name": "Home",
                          "value": "1.44",
                          "stop": "True"
                        }
                      ]
                    }
                  ]
                },
                {
                  "id": "4",
                  "value": "Asian Handicap",
                  "stop": "False",
                  "bookmakers": [
                    {
                      "id": "16",
                      "name": "bet365",
                      "stop": "True",
                      "ts": "1757038580",
                      "odds": [
                        {
                          "type": "handicap",
                          "name": "+3.5",
                          "ismain": "False",
                          "stop": "True",
                          "odds": [
                            {
                              "name": "Away",
                              "value": "1.72",
                              "stop": "True"
                            },
                            {
                              "name": "Home",
                              "value": "2.00",
                              "stop": "True"
                            }
                          ]
                        }
                      ]
                    }
                  ]
                },
                {
                  "id": "5",
                  "value": "Over/Under",
                  "stop": "False",
                  "bookmakers": [
                    {
                      "id": "16",
                      "name": "bet365",
                      "stop": "True",
                      "ts": "1757038580",
                      "odds": [
                        {
                          "type": "total",
                          "name": "1.5",
                          "ismain": "False",
                          "stop": "True",
                          "odds": [
                            {
                              "name": "Over",
                              "value": "1.25",
                              "stop": "True"
                            },
                            {
                              "name": "Under",
                              "value": "3.80",
                              "stop": "True"
                            }
                          ]
                        },
                        {
                          "type": "total",
                          "name": "2.5",
                          "ismain": "False",
                          "stop": "True",
                          "odds": [
                            {
                              "name": "Over",
                              "value": "1.42",
                              "stop": "True"
                            },
                            {
                              "name": "Under",
                              "value": "2.75",
                              "stop": "True"
                            }
                          ]
                        }
                      ]
                    }
                  ]
                }
              ]
            },
            {
              "id": "101370",
              "status": "Not Started",
              "date": "06.09.2025",
              "time": "19:30",
              "localteam": {
                "id": "87889",
                "name": "Rhys McKee",
                "winner": "false",
                "reason": "",
                "round": ""
              },
              "awayteam": {
                "id": "101371",
                "name": "Axel Sola",
                "winner": "false",
                "reason": "",
                "round": ""
              },
              "odds": [
                {
                  "id": "2",
                  "value": "Home/Away",
                  "stop": "False",
                  "bookmakers": [
                    {
                      "id": "16",
                      "name": "bet365",
                      "stop": "False",
                      "ts": "1757055576",
                      "odds": [
                        {
                          "name": "Home",
                          "value": "2.10",
                          "stop": "False"
                        },
                        {
                          "name": "Away",
                          "value": "1.72",
                          "stop": "False"
                        }
                      ]
                    }
                  ]
                },
                {
                  "id": "4",
                  "value": "Asian Handicap",
                  "stop": "False",
                  "bookmakers": [
                    {
                      "id": "16",
                      "name": "bet365",
                      "stop": "False",
                      "ts": "1757055576",
                      "odds": [
                        {
                          "type": "handicap",
                          "name": "+3.5",
                          "ismain": "True",
                          "stop": "False",
                          "odds": [
                            {
                              "name": "Home",
                              "value": "1.57",
                              "stop": "False"
                            },
                            {
                              "name": "Away",
                              "value": "2.25",
                              "stop": "False"
                            }
                          ]
                        }
                      ]
                    }
                  ]
                },
                {
                  "id": "5",
                  "value": "Over/Under",
                  "stop": "False",
                  "bookmakers": [
                    {
                      "id": "16",
                      "name": "bet365",
                      "stop": "False",
                      "ts": "1757055576",
                      "odds": [
                        {
                          "type": "total",
                          "name": "1.5",
                          "ismain": "False",
                          "stop": "False",
                          "odds": [
                            {
                              "name": "Over",
                              "value": "1.32",
                              "stop": "False"
                            },
                            {
                              "name": "Under",
                              "value": "3.15",
                              "stop": "False"
                            }
                          ]
                        },
                        {
                          "type": "total",
                          "name": "2.5",
                          "ismain": "True",
                          "stop": "False",
                          "odds": [
                            {
                              "name": "Over",
                              "value": "1.55",
                              "stop": "False"
                            },
                            {
                              "name": "Under",
                              "value": "2.35",
                              "stop": "False"
                            }
                          ]
                        }
                      ]
                    }
                  ]
                }
              ]
            },
            {
              "id": "101372",
              "status": "Not Started",
              "date": "06.09.2025",
              "time": "17:40",
              "localteam": {
                "id": "99800",
                "name": "Kauê Fernandes",
                "winner": "false",
                "reason": "",
                "round": ""
              },
              "awayteam": {
                "id": "101373",
                "name": "Harry Hardwick",
                "winner": "false",
                "reason": "",
                "round": ""
              },
              "odds": [
                {
                  "id": "2",
                  "value": "Home/Away",
                  "stop": "False",
                  "bookmakers": [
                    {
                      "id": "16",
                      "name": "bet365",
                      "stop": "False",
                      "ts": "1757121177",
                      "odds": [
                        {
                          "name": "Home",
                          "value": "1.57",
                          "stop": "False"
                        },
                        {
                          "name": "Away",
                          "value": "2.50",
                          "stop": "False"
                        }
                      ]
                    }
                  ]
                },
                {
                  "id": "4",
                  "value": "Asian Handicap",
                  "stop": "False",
                  "bookmakers": [
                    {
                      "id": "16",
                      "name": "bet365",
                      "stop": "False",
                      "ts": "1757121177",
                      "odds": [
                        {
                          "type": "handicap",
                          "name": "-3.5",
                          "ismain": "True",
                          "stop": "False",
                          "odds": [
                            {
                              "name": "Home",
                              "value": "1.90",
                              "stop": "False"
                            },
                            {
                              "name": "Away",
                              "value": "1.80",
                              "stop": "False"
                            }
                          ]
                        }
                      ]
                    }
                  ]
                },
                {
                  "id": "5",
                  "value": "Over/Under",
                  "stop": "False",
                  "bookmakers": [
                    {
                      "id": "16",
                      "name": "bet365",
                      "stop": "False",
                      "ts": "1757061593",
                      "odds": [
                        {
                          "type": "total",
                          "name": "1.5",
                          "ismain": "False",
                          "stop": "False",
                          "odds": [
                            {
                              "name": "Over",
                              "value": "1.33",
                              "stop": "False"
                            },
                            {
                              "name": "Under",
                              "value": "3.10",
                              "stop": "False"
                            }
                          ]
                        },
                        {
                          "type": "total",
                          "name": "2.5",
                          "ismain": "True",
                          "stop": "False",
                          "odds": [
                            {
                              "name": "Over",
                              "value": "1.57",
                              "stop": "False"
                            },
                            {
                              "name": "Under",
                              "value": "2.30",
                              "stop": "False"
                            }
                          ]
                        }
                      ]
                    }
                  ]
                }
              ]
            }
          ]
        }
      ]
    }
  }
}