{
  "metadata": {
    "sport": "darts",
    "display_name": "Darts",
    "icon": "🎯",
    "fetch_timestamp": "2025-09-20T10:57:07.389703",
    "date_range": [
      "19.09.2025",
      "21.09.2025"
    ]
  },
  "odds_data": {
    "scores": {
      "sport": "darts",
      "ts": "1758288569",
      "categories": [
        {
          "name": "World: Modus Super Series",
          "gid": "1174",
          "id": "1174",
          "matches": [
            {
              "id": "162863",
              "tb": "false",
              "time": "22:00",
              "formatted_date": "19.09.2025",
              "status": "Not Started",
              "player_1": {
                "id": "3461",
                "name": "N. Duff",
                "winner": "false",
                "totalscore": "",
                "s5": "",
                "s4": "",
                "s3": "",
                "s2": "",
                "s1": "",
                "game_score": "",
                "serve": "false"
              },
              "player_2": {
                "id": "4688",
                "name": "J. Atkins",
                "winner": "false",
                "totalscore": "",
                "s5": "",
                "s4": "",
                "s3": "",
                "s2": "",
                "s1": "",
                "game_score": "",
                "serve": "false"
              },
              "odds": [
                {
                  "id": "2",
                  "value": "Home/Away",
                  "stop": "false",
                  "bookmakers": [
                    {
                      "id": "16",
                      "name": "bet365",
                      "stop": "True",
                      "ts": "1758288568",
                      "odds": [
                        {
                          "name": "Home",
                          "value": "1.57",
                          "stop": "True"
                        },
                        {
                          "name": "Away",
                          "value": "2.25",
                          "stop": "True"
                        }
                      ]
                    }
                  ]
                },
                {
                  "id": "5",
                  "value": "Over/Under",
                  "stop": "false",
                  "bookmakers": [
                    {
                      "id": "16",
                      "name": "bet365",
                      "stop": "True",
                      "ts": "1758288568",
                      "odds": [
                        {
                          "type": "total",
                          "name": "4.5",
                          "ismain": "False",
                          "stop": "True",
                          "odds": [
                            {
                              "name": "Over",
                              "value": "1.10",
                              "stop": "True"
                            },
                            {
                              "name": "Under",
                              "value": "7.00",
                              "stop": "True"
                            }
                          ]
                        },
                        {
                          "type": "total",
                          "name": "5.5",
                          "ismain": "False",
                          "stop": "True",
                          "odds": [
                            {
                              "name": "Over",
                              "value": "1.50",
                              "stop": "True"
                            },
                            {
                              "name": "Under",
                              "value": "2.50",
                              "stop": "True"
                            }
                          ]
                        },
                        {
                          "type": "total",
                          "name": "6.5",
                          "ismain": "False",
                          "stop": "True",
                          "odds": [
                            {
                              "name": "Over",
                              "value": "2.75",
                              "stop": "True"
                            },
                            {
                              "name": "Under",
                              "value": "1.40",
                              "stop": "True"
                            }
                          ]
                        }
                      ]
                    }
                  ]
                },
                {
                  "id": "81",
                  "value": "Correct Score",
                  "stop": "false",
                  "bookmakers": [
                    {
                      "id": "16",
                      "name": "bet365",
                      "stop": "True",
                      "ts": "1758288568",
                      "odds": [
                        {
                          "name": "4:0",
                          "value": "11.00",
                          "stop": "True"
                        },
                        {
                          "name": "4:1",
                          "value": "4.75",
                          "stop": "True"
                        },
                        {
                          "name": "0:4",
                          "value": "15.00",
                          "stop": "True"
                        },
                        {
                          "name": "1:4",
                          "value": "9.50",
                          "stop": "True"
                        },
                        {
                          "name": "2:4",
                          "value": "5.00",
                          "stop": "True"
                        },
                        {
                          "name": "4:2",
                          "value": "5.50",
                          "stop": "True"
                        },
                        {
                          "name": "3:4",
                          "value": "7.00",
                          "stop": "True"
                        },
                        {
                          "name": "4:3",
                          "value": "4.33",
                          "stop": "True"
                        }
                      ]
                    }
                  ]
                }
              ]
            },
            {
              "id": "162860",
              "tb": "false",
              "time": "21:05",
              "formatted_date": "19.09.2025",
              "status": "Not Started",
              "player_1": {
                "id": "4688",
                "name": "J. Atkins",
                "winner": "false",
                "totalscore": "",
                "s5": "",
                "s4": "",
                "s3": "",
                "s2": "",
                "s1": "",
                "game_score": "",
                "serve": "false"
              },
              "player_2": {
                "id": "4729",
                "name": "G. Hayter",
                "winner": "false",
                "totalscore": "",
                "s5": "",
                "s4": "",
                "s3": "",
                "s2": "",
                "s1": "",
                "game_score": "",
                "serve": "false"
              },
              "odds": [
                {
                  "id": "2",
                  "value": "Home/Away",
                  "stop": "false",
                  "bookmakers": [
                    {
                      "id": "16",
                      "name": "bet365",
                      "stop": "True",
                      "ts": "1758254367",
                      "odds": [
                        {
                          "name": "Home",
                          "value": "1.53",
                          "stop": "True"
                        },
                        {
                          "name": "Away",
                          "value": "2.37",
                          "stop": "True"
                        }
                      ]
                    }
                  ]
                },
                {
                  "id": "5",
                  "value": "Over/Under",
                  "stop": "false",
                  "bookmakers": [
                    {
                      "id": "16",
                      "name": "bet365",
                      "stop": "True",
                      "ts": "1758254367",
                      "odds": [
                        {
                          "type": "total",
                          "name": "4.5",
                          "ismain": "False",
                          "stop": "True",
                          "odds": [
                            {
                              "name": "Over",
                              "value": "1.11",
                              "stop": "True"
                            },
                            {
                              "name": "Under",
                              "value": "6.50",
                              "stop": "True"
                            }
                          ]
                        },
                        {
                          "type": "total",
                          "name": "5.5",
                          "ismain": "False",
                          "stop": "True",
                          "odds": [
                            {
                              "name": "Over",
                              "value": "1.53",
                              "stop": "True"
                            },
                            {
                              "name": "Under",
                              "value": "2.37",
                              "stop": "True"
                            }
                          ]
                        },
                        {
                          "type": "total",
                          "name": "6.5",
                          "ismain": "False",
                          "stop": "True",
                          "odds": [
                            {
                              "name": "Over",
                              "value": "3.00",
                              "stop": "True"
                            },
                            {
                              "name": "Under",
                              "value": "1.36",
                              "stop": "True"
                            }
                          ]
                        }
                      ]
                    }
                  ]
                },
                {
                  "id": "81",
                  "value": "Correct Score",
                  "stop": "false",
                  "bookmakers": [
                    {
                      "id": "16",
                      "name": "bet365",
                      "stop": "True",
                      "ts": "1758254367",
                      "odds": [
                        {
                          "name": "4:0",
                          "value": "8.00",
                          "stop": "True"
                        },
                        {
                          "name": "4:1",
                          "value": "5.50",
                          "stop": "True"
                        },
                        {
                          "name": "0:4",
                          "value": "21.00",
                          "stop": "True"
                        },
                        {
                          "name": "1:4",
                          "value": "8.50",
                          "stop": "True"
                        },
                        {
                          "name": "2:4",
                          "value": "8.50",
                          "stop": "True"
                        },
                        {
                          "name": "4:2",
                          "value": "3.75",
                          "stop": "True"
                        },
                        {
                          "name": "3:4",
                          "value": "5.50",
                          "stop": "True"
                        },
                        {
                          "name": "4:3",
                          "value": "6.00",
                          "stop": "True"
                        }
                      ]
                    }
                  ]
                }
              ]
            },
            {
              "id": "162862",
              "tb": "false",
              "time": "21:40",
              "formatted_date": "19.09.2025",
              "status": "Not Started",
              "player_1": {
                "id": "4729",
                "name": "G. Hayter",
                "winner": "false",
                "totalscore": "",
                "s5": "",
                "s4": "",
                "s3": "",
                "s2": "",
                "s1": "",
                "game_score": "",
                "serve": "false"
              },
              "player_2": {
                "id": "4576",
                "name": "T. Morris",
                "winner": "false",
                "totalscore": "",
                "s5": "",
                "s4": "",
                "s3": "",
                "s2": "",
                "s1": "",
                "game_score": "",
                "serve": "false"
              },
              "odds": [
                {
                  "id": "2",
                  "value": "Home/Away",
                  "stop": "false",
                  "bookmakers": [
                    {
                      "id": "16",
                      "name": "bet365",
                      "stop": "True",
                      "ts": "1758266335",
                      "odds": [
                        {
                          "name": "Home",
                          "value": "2.25",
                          "stop": "True"
                        },
                        {
                          "name": "Away",
                          "value": "1.57",
                          "stop": "True"
                        }
                      ]
                    }
                  ]
                },
                {
                  "id": "5",
                  "value": "Over/Under",
                  "stop": "false",
                  "bookmakers": [
                    {
                      "id": "16",
                      "name": "bet365",
                      "stop": "True",
                      "ts": "1758266335",
                      "odds": [
                        {
                          "type": "total",
                          "name": "4.5",
                          "ismain": "False",
                          "stop": "True",
                          "odds": [
                            {
                              "name": "Over",
                              "value": "1.10",
                              "stop": "True"
                            },
                            {
                              "name": "Under",
                              "value": "7.00",
                              "stop": "True"
                            }
                          ]
                        },
                        {
                          "type": "total",
                          "name": "5.5",
                          "ismain": "False",
                          "stop": "True",
                          "odds": [
                            {
                              "name": "Over",
                              "value": "1.53",
                              "stop": "True"
                            },
                            {
                              "name": "Under",
                              "value": "2.37",
                              "stop": "True"
                            }
                          ]
                        },
                        {
                          "type": "total",
                          "name": "6.5",
                          "ismain": "False",
                          "stop": "True",
                          "odds": [
                            {
                              "name": "Over",
                              "value": "2.75",
                              "stop": "True"
                            },
                            {
                              "name": "Under",
                              "value": "1.40",
                              "stop": "True"
                            }
                          ]
                        }
                      ]
                    }
                  ]
                },
                {
                  "id": "81",
                  "value": "Correct Score",
                  "stop": "false",
                  "bookmakers": [
                    {
                      "id": "16",
                      "name": "bet365",
                      "stop": "True",
                      "ts": "1758266335",
                      "odds": [
                        {
                          "name": "4:0",
                          "value": "15.00",
                          "stop": "True"
                        },
                        {
                          "name": "4:1",
                          "value": "9.50",
                          "stop": "True"
                        },
                        {
                          "name": "0:4",
                          "value": "11.00",
                          "stop": "True"
                        },
                        {
                          "name": "1:4",
                          "value": "4.75",
                          "stop": "True"
                        },
                        {
                          "name": "2:4",
                          "value": "5.50",
                          "stop": "True"
                        },
                        {
                          "name": "4:2",
                          "value": "5.50",
                          "stop": "True"
                        },
                        {
                          "name": "3:4",
                          "value": "4.33",
                          "stop": "True"
                        },
                        {
                          "name": "4:3",
                          "value": "7.00",
                          "stop": "True"
                        }
                      ]
                    }
                  ]
                }
              ]
            },
            {
              "id": "162866",
              "tb": "false",
              "time": "22:50",
              "formatted_date": "19.09.2025",
              "status": "Not Started",
              "player_1": {
                "id": "4576",
                "name": "T. Morris",
                "winner": "false",
                "totalscore": "",
                "s5": "",
                "s4": "",
                "s3": "",
                "s2": "",
                "s1": "",
                "game_score": "",
                "serve": "false"
              },
              "player_2": {
                "id": "4688",
                "name": "J. Atkins",
                "winner": "false",
                "totalscore": "",
                "s5": "",
                "s4": "",
                "s3": "",
                "s2": "",
                "s1": "",
                "game_score": "",
                "serve": "false"
              },
              "odds": [
                {
                  "id": "2",
                  "value": "Home/Away",
                  "stop": "false",
                  "bookmakers": [
                    {
                      "id": "16",
                      "name": "bet365",
                      "stop": "True",
                      "ts": "1758281502",
                      "odds": [
                        {
                          "name": "Home",
                          "value": "2.20",
                          "stop": "True"
                        },
                        {
                          "name": "Away",
                          "value": "1.61",
                          "stop": "True"
                        }
                      ]
                    }
                  ]
                },
                {
                  "id": "5",
                  "value": "Over/Under",
                  "stop": "false",
                  "bookmakers": [
                    {
                      "id": "16",
                      "name": "bet365",
                      "stop": "True",
                      "ts": "1758281502",
                      "odds": [
                        {
                          "type": "total",
                          "name": "4.5",
                          "ismain": "False",
                          "stop": "True",
                          "odds": [
                            {
                              "name": "Over",
                              "value": "1.10",
                              "stop": "True"
                            },
                            {
                              "name": "Under",
                              "value": "7.00",
                              "stop": "True"
                            }
                          ]
                        },
                        {
                          "type": "total",
                          "name": "5.5",
                          "ismain": "False",
                          "stop": "True",
                          "odds": [
                            {
                              "name": "Over",
                              "value": "1.50",
                              "stop": "True"
                            },
                            {
                              "name": "Under",
                              "value": "2.50",
                              "stop": "True"
                            }
                          ]
                        },
                        {
                          "type": "total",
                          "name": "6.5",
                          "ismain": "False",
                          "stop": "True",
                          "odds": [
                            {
                              "name": "Over",
                              "value": "3.00",
                              "stop": "True"
                            },
                            {
                              "name": "Under",
                              "value": "1.36",
                              "stop": "True"
                            }
                          ]
                        }
                      ]
                    }
                  ]
                },
                {
                  "id": "81",
                  "value": "Correct Score",
                  "stop": "false",
                  "bookmakers": [
                    {
                      "id": "16",
                      "name": "bet365",
                      "stop": "True",
                      "ts": "1758281502",
                      "odds": [
                        {
                          "name": "4:0",
                          "value": "19.00",
                          "stop": "True"
                        },
                        {
                          "name": "4:1",
                          "value": "7.50",
                          "stop": "True"
                        },
                        {
                          "name": "0:4",
                          "value": "10.00",
                          "stop": "True"
                        },
                        {
                          "name": "1:4",
                          "value": "6.00",
                          "stop": "True"
                        },
                        {
                          "name": "2:4",
                          "value": "4.00",
                          "stop": "True"
                        },
                        {
                          "name": "4:2",
                          "value": "7.50",
                          "stop": "True"
                        },
                        {
                          "name": "3:4",
                          "value": "6.00",
                          "stop": "True"
                        },
                        {
                          "name": "4:3",
                          "value": "5.00",
                          "stop": "True"
                        }
                      ]
                    }
                  ]
                }
              ]
            },
            {
              "id": "162865",
              "tb": "false",
              "time": "22:35",
              "formatted_date": "19.09.2025",
              "status": "Not Started",
              "player_1": {
                "id": "4729",
                "name": "G. Hayter",
                "winner": "false",
                "totalscore": "",
                "s5": "",
                "s4": "",
                "s3": "",
                "s2": "",
                "s1": "",
                "game_score": "",
                "serve": "false"
              },
              "player_2": {
                "id": "3461",
                "name": "N. Duff",
                "winner": "false",
                "totalscore": "",
                "s5": "",
                "s4": "",
                "s3": "",
                "s2": "",
                "s1": "",
                "game_score": "",
                "serve": "false"
              },
              "odds": [
                {
                  "id": "2",
                  "value": "Home/Away",
                  "stop": "false",
                  "bookmakers": [
                    {
                      "id": "16",
                      "name": "bet365",
                      "stop": "True",
                      "ts": "1758268421",
                      "odds": [
                        {
                          "name": "Home",
                          "value": "3.25",
                          "stop": "True"
                        },
                        {
                          "name": "Away",
                          "value": "1.33",
                          "stop": "True"
                        }
                      ]
                    }
                  ]
                },
                {
                  "id": "5",
                  "value": "Over/Under",
                  "stop": "false",
                  "bookmakers": [
                    {
                      "id": "16",
                      "name": "bet365",
                      "stop": "True",
                      "ts": "1758268421",
                      "odds": [
                        {
                          "type": "total",
                          "name": "4.5",
                          "ismain": "False",
                          "stop": "True",
                          "odds": [
                            {
                              "name": "Over",
                              "value": "1.12",
                              "stop": "True"
                            },
                            {
                              "name": "Under",
                              "value": "6.00",
                              "stop": "True"
                            }
                          ]
                        },
                        {
                          "type": "total",
                          "name": "5.5",
                          "ismain": "False",
                          "stop": "True",
                          "odds": [
                            {
                              "name": "Over",
                              "value": "1.61",
                              "stop": "True"
                            },
                            {
                              "name": "Under",
                              "value": "2.20",
                              "stop": "True"
                            }
                          ]
                        },
                        {
                          "type": "total",
                          "name": "6.5",
                          "ismain": "False",
                          "stop": "True",
                          "odds": [
                            {
                              "name": "Over",
                              "value": "3.25",
                              "stop": "True"
                            },
                            {
                              "name": "Under",
                              "value": "1.33",
                              "stop": "True"
                            }
                          ]
                        }
                      ]
                    }
                  ]
                },
                {
                  "id": "81",
                  "value": "Correct Score",
                  "stop": "false",
                  "bookmakers": [
                    {
                      "id": "16",
                      "name": "bet365",
                      "stop": "True",
                      "ts": "1758268421",
                      "odds": [
                        {
                          "name": "4:0",
                          "value": "23.00",
                          "stop": "True"
                        },
                        {
                          "name": "4:1",
                          "value": "15.00",
                          "stop": "True"
                        },
                        {
                          "name": "0:4",
                          "value": "7.00",
                          "stop": "True"
                        },
                        {
                          "name": "1:4",
                          "value": "3.75",
                          "stop": "True"
                        },
                        {
                          "name": "2:4",
                          "value": "4.75",
                          "stop": "True"
                        },
                        {
                          "name": "4:2",
                          "value": "7.00",
                          "stop": "True"
                        },
                        {
                          "name": "3:4",
                          "value": "4.33",
                          "stop": "True"
                        },
                        {
                          "name": "4:3",
                          "value": "8.50",
                          "stop": "True"
                        }
                      ]
                    }
                  ]
                }
              ]
            },
            {
              "id": "162868",
              "tb": "false",
              "time": "23:25",
              "formatted_date": "19.09.2025",
              "status": "Not Started",
              "player_1": {
                "id": "3461",
                "name": "N. Duff",
                "winner": "false",
                "totalscore": "",
                "s5": "",
                "s4": "",
                "s3": "",
                "s2": "",
                "s1": "",
                "game_score": "",
                "serve": "false"
              },
              "player_2": {
                "id": "4576",
                "name": "T. Morris",
                "winner": "false",
                "totalscore": "",
                "s5": "",
                "s4": "",
                "s3": "",
                "s2": "",
                "s1": "",
                "game_score": "",
                "serve": "false"
              },
              "odds": [
                {
                  "id": "2",
                  "value": "Home/Away",
                  "stop": "false",
                  "bookmakers": [
                    {
                      "id": "16",
                      "name": "bet365",
                      "stop": "True",
                      "ts": "1758272618",
                      "odds": [
                        {
                          "name": "Home",
                          "value": "1.57",
                          "stop": "True"
                        },
                        {
                          "name": "Away",
                          "value": "2.25",
                          "stop": "True"
                        }
                      ]
                    }
                  ]
                },
                {
                  "id": "5",
                  "value": "Over/Under",
                  "stop": "false",
                  "bookmakers": [
                    {
                      "id": "16",
                      "name": "bet365",
                      "stop": "True",
                      "ts": "1758272618",
                      "odds": [
                        {
                          "type": "total",
                          "name": "4.5",
                          "ismain": "False",
                          "stop": "True",
                          "odds": [
                            {
                              "name": "Over",
                              "value": "1.11",
                              "stop": "True"
                            },
                            {
                              "name": "Under",
                              "value": "6.50",
                              "stop": "True"
                            }
                          ]
                        },
                        {
                          "type": "total",
                          "name": "5.5",
                          "ismain": "False",
                          "stop": "True",
                          "odds": [
                            {
                              "name": "Over",
                              "value": "1.50",
                              "stop": "True"
                            },
                            {
                              "name": "Under",
                              "value": "2.50",
                              "stop": "True"
                            }
                          ]
                        },
                        {
                          "type": "total",
                          "name": "6.5",
                          "ismain": "False",
                          "stop": "True",
                          "odds": [
                            {
                              "name": "Over",
                              "value": "3.00",
                              "stop": "True"
                            },
                            {
                              "name": "Under",
                              "value": "1.36",
                              "stop": "True"
                            }
                          ]
                        }
                      ]
                    }
                  ]
                },
                {
                  "id": "81",
                  "value": "Correct Score",
                  "stop": "false",
                  "bookmakers": [
                    {
                      "id": "16",
                      "name": "bet365",
                      "stop": "True",
                      "ts": "1758272618",
                      "odds": [
                        {
                          "name": "4:0",
                          "value": "9.00",
                          "stop": "True"
                        },
                        {
                          "name": "4:1",
                          "value": "6.00",
                          "stop": "True"
                        },
                        {
                          "name": "0:4",
                          "value": "19.00",
                          "stop": "True"
                        },
                        {
                          "name": "1:4",
                          "value": "7.50",
                          "stop": "True"
                        },
                        {
                          "name": "2:4",
                          "value": "8.00",
                          "stop": "True"
                        },
                        {
                          "name": "4:2",
                          "value": "4.00",
                          "stop": "True"
                        },
                        {
                          "name": "3:4",
                          "value": "5.00",
                          "stop": "True"
                        },
                        {
                          "name": "4:3",
                          "value": "6.00",
                          "stop": "True"
                        }
                      ]
                    }
                  ]
                }
              ]
            }
          ]
        }
      ]
    }
  }
}