{
  "metadata": {
    "sport": "esports",
    "display_name": "Esports",
    "icon": "🎮",
    "fetch_timestamp": "2025-09-20T11:40:49.753144",
    "date_range": [
      "19.09.2025",
      "21.09.2025"
    ]
  },
  "odds_data": {
    "scores": {
      "sport": "esports",
      "ts": "1758238153",
      "categories": [
        {
          "name": "LTA Playoffs",
          "type": "",
          "gid": "8199",
          "id": "8199",
          "matches": [
            {
              "id": "357065",
              "status": "Not Started",
              "date": "Sep 20",
              "formatted_date": "20.09.2025",
              "time": "20:00",
              "static_id": "0",
              "fix_id": "0",
              "localteam": {
                "id": "23877",
                "name": "FlyQuest",
                "score": "?"
              },
              "visitorteam": {
                "id": "23802",
                "name": "Vivo Keyd Stars",
                "score": "?"
              },
              "events": "",
              "odds": [
                {
                  "id": "2",
                  "value": "Home/Away",
                  "stop": "False",
                  "bookmakers": [
                    {
                      "id": "16",
                      "name": "bet365",
                      "stop": "True",
                      "ts": "1758238152",
                      "odds": [
                        {
                          "name": "Home",
                          "value": "1.16",
                          "stop": "True"
                        },
                        {
                          "name": "Away",
                          "value": "4.50",
                          "stop": "True"
                        }
                      ]
                    }
                  ]
                },
                {
                  "id": "81",
                  "value": "Correct Score",
                  "stop": "False",
                  "bookmakers": [
                    {
                      "id": "16",
                      "name": "bet365",
                      "stop": "True",
                      "ts": "1758238152",
                      "odds": [
                        {
                          "name": "3:0",
                          "value": "2.62",
                          "stop": "True"
                        },
                        {
                          "name": "3:1",
                          "value": "3.00",
                          "stop": "True"
                        },
                        {
                          "name": "3:2",
                          "value": "5.00",
                          "stop": "True"
                        },
                        {
                          "name": "0:3",
                          "value": "12.00",
                          "stop": "True"
                        },
                        {
                          "name": "1:3",
                          "value": "13.00",
                          "stop": "True"
                        },
                        {
                          "name": "2:3",
                          "value": "11.00",
                          "stop": "True"
                        }
                      ]
                    }
                  ]
                },
                {
                  "id": "22649",
                  "value": "Home/Away (map 1)",
                  "stop": "False",
                  "bookmakers": [
                    {
                      "id": "16",
                      "name": "bet365",
                      "stop": "True",
                      "ts": "1758238152",
                      "odds": [
                        {
                          "name": "Home",
                          "value": "1.36",
                          "stop": "True"
                        },
                        {
                          "name": "Away",
                          "value": "3.00",
                          "stop": "True"
                        }
                      ]
                    }
                  ]
                },
                {
                  "id": "22650",
                  "value": "Home/Away (map 2)",
                  "stop": "False",
                  "bookmakers": [
                    {
                      "id": "16",
                      "name": "bet365",
                      "stop": "True",
                      "ts": "1758238152",
                      "odds": [
                        {
                          "name": "Home",
                          "value": "1.36",
                          "stop": "True"
                        },
                        {
                          "name": "Away",
                          "value": "3.00",
                          "stop": "True"
                        }
                      ]
                    }
                  ]
                },
                {
                  "id": "22652",
                  "value": "Home/Away (map 3)",
                  "stop": "False",
                  "bookmakers": [
                    {
                      "id": "16",
                      "name": "bet365",
                      "stop": "True",
                      "ts": "1758238152",
                      "odds": [
                        {
                          "name": "Home",
                          "value": "1.36",
                          "stop": "True"
                        },
                        {
                          "name": "Away",
                          "value": "3.00",
                          "stop": "True"
                        }
                      ]
                    }
                  ]
                },
                {
                  "id": "22661",
                  "value": "Total Maps",
                  "stop": "False",
                  "bookmakers": [
                    {
                      "id": "16",
                      "name": "bet365",
                      "stop": "True",
                      "ts": "1758238152",
                      "odds": [
                        {
                          "type": "total",
                          "name": "3.5",
                          "ismain": "False",
                          "stop": "True",
                          "odds": [
                            {
                              "name": "Over",
                              "value": "1.53",
                              "stop": "True"
                            },
                            {
                              "name": "Under",
                              "value": "2.37",
                              "stop": "True"
                            }
                          ]
                        },
                        {
                          "type": "total",
                          "name": "4.5",
                          "ismain": "False",
                          "stop": "True",
                          "odds": [
                            {
                              "name": "Over",
                              "value": "3.50",
                              "stop": "True"
                            },
                            {
                              "name": "Under",
                              "value": "1.28",
                              "stop": "True"
                            }
                          ]
                        }
                      ]
                    }
                  ]
                },
                {
                  "id": "22662",
                  "value": "Maps Handicap",
                  "stop": "False",
                  "bookmakers": [
                    {
                      "id": "16",
                      "name": "bet365",
                      "stop": "True",
                      "ts": "1758238152",
                      "odds": [
                        {
                          "type": "handicap",
                          "name": "-1.5",
                          "ismain": "False",
                          "stop": "True",
                          "odds": [
                            {
                              "name": "Home",
                              "value": "1.44",
                              "stop": "True"
                            },
                            {
                              "name": "Away",
                              "value": "2.62",
                              "stop": "True"
                            }
                          ]
                        },
                        {
                          "type": "handicap",
                          "name": "+1.5",
                          "ismain": "False",
                          "stop": "True",
                          "odds": [
                            {
                              "name": "Home",
                              "value": "1.07",
                              "stop": "True"
                            },
                            {
                              "name": "Away",
                              "value": "7.50",
                              "stop": "True"
                            }
                          ]
                        },
                        {
                          "type": "handicap",
                          "name": "-2.5",
                          "ismain": "False",
                          "stop": "True",
                          "odds": [
                            {
                              "name": "Home",
                              "value": "2.62",
                              "stop": "True"
                            },
                            {
                              "name": "Away",
                              "value": "1.44",
                              "stop": "True"
                            }
                          ]
                        },
                        {
                          "type": "handicap",
                          "name": "+2.5",
                          "ismain": "False",
                          "stop": "True",
                          "odds": [
                            {
                              "name": "Home",
                              "value": "1.01",
                              "stop": "True"
                            },
                            {
                              "name": "Away",
                              "value": "12.00",
                              "stop": "True"
                            }
                          ]
                        }
                      ]
                    }
                  ]
                },
                {
                  "id": "23395",
                  "value": "Total Towers",
                  "stop": "False",
                  "bookmakers": [
                    {
                      "id": "16",
                      "name": "bet365",
                      "stop": "True",
                      "ts": "1758238152",
                      "odds": [
                        {
                          "type": "total",
                          "name": "46.5",
                          "ismain": "False",
                          "stop": "True",
                          "odds": [
                            {
                              "name": "Over",
                              "value": "1.90",
                              "stop": "True"
                            },
                            {
                              "name": "Under",
                              "value": "1.80",
                              "stop": "True"
                            }
                          ]
                        }
                      ]
                    }
                  ]
                }
              ]
            },
            {
              "id": "357187",
              "status": "Not Started",
              "date": "Sep 21",
              "formatted_date": "21.09.2025",
              "time": "20:00",
              "static_id": "0",
              "fix_id": "0",
              "localteam": {
                "id": "16071",
                "name": "100 Thieves",
                "score": "?"
              },
              "visitorteam": {
                "id": "17400",
                "name": "RED Canids",
                "score": "?"
              },
              "events": "",
              "odds": [
                {
                  "id": "2",
                  "value": "Home/Away",
                  "stop": "False",
                  "bookmakers": [
                    {
                      "id": "16",
                      "name": "bet365",
                      "stop": "True",
                      "ts": "1758238152",
                      "odds": [
                        {
                          "name": "Home",
                          "value": "1.33",
                          "stop": "True"
                        },
                        {
                          "name": "Away",
                          "value": "3.25",
                          "stop": "True"
                        }
                      ]
                    }
                  ]
                },
                {
                  "id": "81",
                  "value": "Correct Score",
                  "stop": "False",
                  "bookmakers": [
                    {
                      "id": "16",
                      "name": "bet365",
                      "stop": "True",
                      "ts": "1758238152",
                      "odds": [
                        {
                          "name": "3:0",
                          "value": "3.75",
                          "stop": "True"
                        },
                        {
                          "name": "3:1",
                          "value": "3.40",
                          "stop": "True"
                        },
                        {
                          "name": "3:2",
                          "value": "4.50",
                          "stop": "True"
                        },
                        {
                          "name": "0:3",
                          "value": "9.00",
                          "stop": "True"
                        },
                        {
                          "name": "1:3",
                          "value": "8.00",
                          "stop": "True"
                        },
                        {
                          "name": "2:3",
                          "value": "7.00",
                          "stop": "True"
                        }
                      ]
                    }
                  ]
                },
                {
                  "id": "22649",
                  "value": "Home/Away (map 1)",
                  "stop": "False",
                  "bookmakers": [
                    {
                      "id": "16",
                      "name": "bet365",
                      "stop": "True",
                      "ts": "1758238152",
                      "odds": [
                        {
                          "name": "Home",
                          "value": "1.53",
                          "stop": "True"
                        },
                        {
                          "name": "Away",
                          "value": "2.37",
                          "stop": "True"
                        }
                      ]
                    }
                  ]
                },
                {
                  "id": "22650",
                  "value": "Home/Away (map 2)",
                  "stop": "False",
                  "bookmakers": [
                    {
                      "id": "16",
                      "name": "bet365",
                      "stop": "True",
                      "ts": "1758238152",
                      "odds": [
                        {
                          "name": "Home",
                          "value": "1.53",
                          "stop": "True"
                        },
                        {
                          "name": "Away",
                          "value": "2.37",
                          "stop": "True"
                        }
                      ]
                    }
                  ]
                },
                {
                  "id": "22652",
                  "value": "Home/Away (map 3)",
                  "stop": "False",
                  "bookmakers": [
                    {
                      "id": "16",
                      "name": "bet365",
                      "stop": "True",
                      "ts": "1758238152",
                      "odds": [
                        {
                          "name": "Home",
                          "value": "1.53",
                          "stop": "True"
                        },
                        {
                          "name": "Away",
                          "value": "2.37",
                          "stop": "True"
                        }
                      ]
                    }
                  ]
                },
                {
                  "id": "22661",
                  "value": "Total Maps",
                  "stop": "False",
                  "bookmakers": [
                    {
                      "id": "16",
                      "name": "bet365",
                      "stop": "True",
                      "ts": "1758238152",
                      "odds": [
                        {
                          "type": "total",
                          "name": "3.5",
                          "ismain": "False",
                          "stop": "True",
                          "odds": [
                            {
                              "name": "Over",
                              "value": "1.36",
                              "stop": "True"
                            },
                            {
                              "name": "Under",
                              "value": "3.00",
                              "stop": "True"
                            }
                          ]
                        },
                        {
                          "type": "total",
                          "name": "4.5",
                          "ismain": "False",
                          "stop": "True",
                          "odds": [
                            {
                              "name": "Over",
                              "value": "2.75",
                              "stop": "True"
                            },
                            {
                              "name": "Under",
                              "value": "1.40",
                              "stop": "True"
                            }
                          ]
                        }
                      ]
                    }
                  ]
                },
                {
                  "id": "22662",
                  "value": "Maps Handicap",
                  "stop": "False",
                  "bookmakers": [
                    {
                      "id": "16",
                      "name": "bet365",
                      "stop": "True",
                      "ts": "1758238152",
                      "odds": [
                        {
                          "type": "handicap",
                          "name": "-1.5",
                          "ismain": "False",
                          "stop": "True",
                          "odds": [
                            {
                              "name": "Home",
                              "value": "1.83",
                              "stop": "True"
                            },
                            {
                              "name": "Away",
                              "value": "1.83",
                              "stop": "True"
                            }
                          ]
                        },
                        {
                          "type": "handicap",
                          "name": "+1.5",
                          "ismain": "False",
                          "stop": "True",
                          "odds": [
                            {
                              "name": "Home",
                              "value": "1.16",
                              "stop": "True"
                            },
                            {
                              "name": "Away",
                              "value": "4.50",
                              "stop": "True"
                            }
                          ]
                        },
                        {
                          "type": "handicap",
                          "name": "-2.5",
                          "ismain": "False",
                          "stop": "True",
                          "odds": [
                            {
                              "name": "Home",
                              "value": "3.75",
                              "stop": "True"
                            },
                            {
                              "name": "Away",
                              "value": "1.25",
                              "stop": "True"
                            }
                          ]
                        },
                        {
                          "type": "handicap",
                          "name": "+2.5",
                          "ismain": "False",
                          "stop": "True",
                          "odds": [
                            {
                              "name": "Home",
                              "value": "1.04",
                              "stop": "True"
                            },
                            {
                              "name": "Away",
                              "value": "9.00",
                              "stop": "True"
                            }
                          ]
                        }
                      ]
                    }
                  ]
                },
                {
                  "id": "23395",
                  "value": "Total Towers",
                  "stop": "False",
                  "bookmakers": [
                    {
                      "id": "16",
                      "name": "bet365",
                      "stop": "True",
                      "ts": "1758238152",
                      "odds": [
                        {
                          "type": "total",
                          "name": "49.5",
                          "ismain": "False",
                          "stop": "True",
                          "odds": [
                            {
                              "name": "Over",
                              "value": "1.83",
                              "stop": "True"
                            },
                            {
                              "name": "Under",
                              "value": "1.83",
                              "stop": "True"
                            }
                          ]
                        },
                        {
                          "type": "total",
                          "name": "48.5",
                          "ismain": "False",
                          "stop": "True",
                          "odds": [
                            {
                              "name": "Over",
                              "value": "1.83",
                              "stop": "True"
                            },
                            {
                              "name": "Under",
                              "value": "1.83",
                              "stop": "True"
                            }
                          ]
                        }
                      ]
                    }
                  ]
                }
              ]
            }
          ]
        },
        {
          "name": "LCK Playoffs",
          "type": "",
          "gid": "7348",
          "id": "7348",
          "matches": [
            {
              "id": "357131",
              "status": "Not Started",
              "date": "Sep 20",
              "formatted_date": "20.09.2025",
              "time": "06:00",
              "static_id": "0",
              "fix_id": "0",
              "localteam": {
                "id": "6592",
                "name": "KT Rolster",
                "score": "?"
              },
              "visitorteam": {
                "id": "23769",
                "name": "Hanwha Life Esports",
                "score": "?"
              },
              "events": "",
              "odds": [
                {
                  "id": "2",
                  "value": "Home/Away",
                  "stop": "False",
                  "bookmakers": [
                    {
                      "id": "16",
                      "name": "bet365",
                      "stop": "True",
                      "ts": "1758238152",
                      "odds": [
                        {
                          "name": "Home",
                          "value": "3.50",
                          "stop": "True"
                        },
                        {
                          "name": "Away",
                          "value": "1.28",
                          "stop": "True"
                        }
                      ]
                    }
                  ]
                },
                {
                  "id": "81",
                  "value": "Correct Score",
                  "stop": "False",
                  "bookmakers": [
                    {
                      "id": "16",
                      "name": "bet365",
                      "stop": "True",
                      "ts": "1758238152",
                      "odds": [
                        {
                          "name": "3:0",
                          "value": "10.00",
                          "stop": "True"
                        },
                        {
                          "name": "3:1",
                          "value": "8.50",
                          "stop": "True"
                        },
                        {
                          "name": "3:2",
                          "value": "7.50",
                          "stop": "True"
                        },
                        {
                          "name": "0:3",
                          "value": "3.40",
                          "stop": "True"
                        },
                        {
                          "name": "1:3",
                          "value": "3.25",
                          "stop": "True"
                        },
                        {
                          "name": "2:3",
                          "value": "4.75",
                          "stop": "True"
                        }
                      ]
                    }
                  ]
                },
                {
                  "id": "22649",
                  "value": "Home/Away (map 1)",
                  "stop": "False",
                  "bookmakers": [
                    {
                      "id": "16",
                      "name": "bet365",
                      "stop": "True",
                      "ts": "1758238152",
                      "odds": [
                        {
                          "name": "Home",
                          "value": "2.50",
                          "stop": "True"
                        },
                        {
                          "name": "Away",
                          "value": "1.50",
                          "stop": "True"
                        }
                      ]
                    }
                  ]
                },
                {
                  "id": "22650",
                  "value": "Home/Away (map 2)",
                  "stop": "False",
                  "bookmakers": [
                    {
                      "id": "16",
                      "name": "bet365",
                      "stop": "True",
                      "ts": "1758238152",
                      "odds": [
                        {
                          "name": "Home",
                          "value": "2.50",
                          "stop": "True"
                        },
                        {
                          "name": "Away",
                          "value": "1.50",
                          "stop": "True"
                        }
                      ]
                    }
                  ]
                },
                {
                  "id": "22652",
                  "value": "Home/Away (map 3)",
                  "stop": "False",
                  "bookmakers": [
                    {
                      "id": "16",
                      "name": "bet365",
                      "stop": "True",
                      "ts": "1758238152",
                      "odds": [
                        {
                          "name": "Home",
                          "value": "2.50",
                          "stop": "True"
                        },
                        {
                          "name": "Away",
                          "value": "1.50",
                          "stop": "True"
                        }
                      ]
                    }
                  ]
                },
                {
                  "id": "22661",
                  "value": "Total Maps",
                  "stop": "False",
                  "bookmakers": [
                    {
                      "id": "16",
                      "name": "bet365",
                      "stop": "True",
                      "ts": "1758238152",
                      "odds": [
                        {
                          "type": "total",
                          "name": "3.5",
                          "ismain": "False",
                          "stop": "True",
                          "odds": [
                            {
                              "name": "Over",
                              "value": "1.40",
                              "stop": "True"
                            },
                            {
                              "name": "Under",
                              "value": "2.75",
                              "stop": "True"
                            }
                          ]
                        },
                        {
                          "type": "total",
                          "name": "4.5",
                          "ismain": "False",
                          "stop": "True",
                          "odds": [
                            {
                              "name": "Over",
                              "value": "3.00",
                              "stop": "True"
                            },
                            {
                              "name": "Under",
                              "value": "1.36",
                              "stop": "True"
                            }
                          ]
                        }
                      ]
                    }
                  ]
                },
                {
                  "id": "22662",
                  "value": "Maps Handicap",
                  "stop": "False",
                  "bookmakers": [
                    {
                      "id": "16",
                      "name": "bet365",
                      "stop": "True",
                      "ts": "1758238152",
                      "odds": [
                        {
                          "type": "handicap",
                          "name": "-1.5",
                          "ismain": "False",
                          "stop": "True",
                          "odds": [
                            {
                              "name": "Home",
                              "value": "5.00",
                              "stop": "True"
                            },
                            {
                              "name": "Away",
                              "value": "1.14",
                              "stop": "True"
                            }
                          ]
                        },
                        {
                          "type": "handicap",
                          "name": "+1.5",
                          "ismain": "False",
                          "stop": "True",
                          "odds": [
                            {
                              "name": "Home",
                              "value": "2.00",
                              "stop": "True"
                            },
                            {
                              "name": "Away",
                              "value": "1.72",
                              "stop": "True"
                            }
                          ]
                        },
                        {
                          "type": "handicap",
                          "name": "-2.5",
                          "ismain": "False",
                          "stop": "True",
                          "odds": [
                            {
                              "name": "Home",
                              "value": "10.00",
                              "stop": "True"
                            },
                            {
                              "name": "Away",
                              "value": "1.03",
                              "stop": "True"
                            }
                          ]
                        },
                        {
                          "type": "handicap",
                          "name": "+2.5",
                          "ismain": "False",
                          "stop": "True",
                          "odds": [
                            {
                              "name": "Home",
                              "value": "1.30",
                              "stop": "True"
                            },
                            {
                              "name": "Away",
                              "value": "3.40",
                              "stop": "True"
                            }
                          ]
                        }
                      ]
                    }
                  ]
                },
                {
                  "id": "23395",
                  "value": "Total Towers",
                  "stop": "False",
                  "bookmakers": [
                    {
                      "id": "16",
                      "name": "bet365",
                      "stop": "True",
                      "ts": "1758238152",
                      "odds": [
                        {
                          "type": "total",
                          "name": "44.5",
                          "ismain": "False",
                          "stop": "True",
                          "odds": [
                            {
                              "name": "Over",
                              "value": "1.80",
                              "stop": "True"
                            },
                            {
                              "name": "Under",
                              "value": "1.90",
                              "stop": "True"
                            }
                          ]
                        }
                      ]
                    }
                  ]
                }
              ]
            }
          ]
        },
        {
          "name": "LCP Playoffs",
          "type": "",
          "gid": "8206",
          "id": "8206",
          "matches": [
            {
              "id": "357132",
              "status": "Not Started",
              "date": "Sep 20",
              "formatted_date": "20.09.2025",
              "time": "09:30",
              "static_id": "0",
              "fix_id": "0",
              "localteam": {
                "id": "16610",
                "name": "PSG Talon",
                "score": "?"
              },
              "visitorteam": {
                "id": "26435",
                "name": "Team Secret Whales",
                "score": "?"
              },
              "events": "",
              "odds": [
                {
                  "id": "2",
                  "value": "Home/Away",
                  "stop": "False",
                  "bookmakers": [
                    {
                      "id": "16",
                      "name": "bet365",
                      "stop": "True",
                      "ts": "1758238152",
                      "odds": [
                        {
                          "name": "Home",
                          "value": "1.40",
                          "stop": "True"
                        },
                        {
                          "name": "Away",
                          "value": "2.75",
                          "stop": "True"
                        }
                      ]
                    }
                  ]
                },
                {
                  "id": "81",
                  "value": "Correct Score",
                  "stop": "False",
                  "bookmakers": [
                    {
                      "id": "16",
                      "name": "bet365",
                      "stop": "True",
                      "ts": "1758238152",
                      "odds": [
                        {
                          "name": "3:0",
                          "value": "4.00",
                          "stop": "True"
                        },
                        {
                          "name": "3:1",
                          "value": "3.50",
                          "stop": "True"
                        },
                        {
                          "name": "3:2",
                          "value": "4.50",
                          "stop": "True"
                        },
                        {
                          "name": "0:3",
                          "value": "8.50",
                          "stop": "True"
                        },
                        {
                          "name": "1:3",
                          "value": "7.00",
                          "stop": "True"
                        },
                        {
                          "name": "2:3",
                          "value": "6.50",
                          "stop": "True"
                        }
                      ]
                    }
                  ]
                },
                {
                  "id": "22649",
                  "value": "Home/Away (map 1)",
                  "stop": "False",
                  "bookmakers": [
                    {
                      "id": "16",
                      "name": "bet365",
                      "stop": "True",
                      "ts": "1758238152",
                      "odds": [
                        {
                          "name": "Home",
                          "value": "1.57",
                          "stop": "True"
                        },
                        {
                          "name": "Away",
                          "value": "2.25",
                          "stop": "True"
                        }
                      ]
                    }
                  ]
                },
                {
                  "id": "22650",
                  "value": "Home/Away (map 2)",
                  "stop": "False",
                  "bookmakers": [
                    {
                      "id": "16",
                      "name": "bet365",
                      "stop": "True",
                      "ts": "1758238152",
                      "odds": [
                        {
                          "name": "Home",
                          "value": "1.57",
                          "stop": "True"
                        },
                        {
                          "name": "Away",
                          "value": "2.25",
                          "stop": "True"
                        }
                      ]
                    }
                  ]
                },
                {
                  "id": "22652",
                  "value": "Home/Away (map 3)",
                  "stop": "False",
                  "bookmakers": [
                    {
                      "id": "16",
                      "name": "bet365",
                      "stop": "True",
                      "ts": "1758238152",
                      "odds": [
                        {
                          "name": "Home",
                          "value": "1.57",
                          "stop": "True"
                        },
                        {
                          "name": "Away",
                          "value": "2.25",
                          "stop": "True"
                        }
                      ]
                    }
                  ]
                },
                {
                  "id": "22661",
                  "value": "Total Maps",
                  "stop": "False",
                  "bookmakers": [
                    {
                      "id": "16",
                      "name": "bet365",
                      "stop": "True",
                      "ts": "1758238152",
                      "odds": [
                        {
                          "type": "total",
                          "name": "3.5",
                          "ismain": "False",
                          "stop": "True",
                          "odds": [
                            {
                              "name": "Over",
                              "value": "1.36",
                              "stop": "True"
                            },
                            {
                              "name": "Under",
                              "value": "3.00",
                              "stop": "True"
                            }
                          ]
                        },
                        {
                          "type": "total",
                          "name": "4.5",
                          "ismain": "False",
                          "stop": "True",
                          "odds": [
                            {
                              "name": "Over",
                              "value": "2.75",
                              "stop": "True"
                            },
                            {
                              "name": "Under",
                              "value": "1.40",
                              "stop": "True"
                            }
                          ]
                        }
                      ]
                    }
                  ]
                },
                {
                  "id": "22662",
                  "value": "Maps Handicap",
                  "stop": "False",
                  "bookmakers": [
                    {
                      "id": "16",
                      "name": "bet365",
                      "stop": "True",
                      "ts": "1758238152",
                      "odds": [
                        {
                          "type": "handicap",
                          "name": "-1.5",
                          "ismain": "False",
                          "stop": "True",
                          "odds": [
                            {
                              "name": "Home",
                              "value": "1.90",
                              "stop": "True"
                            },
                            {
                              "name": "Away",
                              "value": "1.80",
                              "stop": "True"
                            }
                          ]
                        },
                        {
                          "type": "handicap",
                          "name": "+1.5",
                          "ismain": "False",
                          "stop": "True",
                          "odds": [
                            {
                              "name": "Home",
                              "value": "1.20",
                              "stop": "True"
                            },
                            {
                              "name": "Away",
                              "value": "4.33",
                              "stop": "True"
                            }
                          ]
                        },
                        {
                          "type": "handicap",
                          "name": "-2.5",
                          "ismain": "False",
                          "stop": "True",
                          "odds": [
                            {
                              "name": "Home",
                              "value": "4.00",
                              "stop": "True"
                            },
                            {
                              "name": "Away",
                              "value": "1.22",
                              "stop": "True"
                            }
                          ]
                        },
                        {
                          "type": "handicap",
                          "name": "+2.5",
                          "ismain": "False",
                          "stop": "True",
                          "odds": [
                            {
                              "name": "Home",
                              "value": "1.05",
                              "stop": "True"
                            },
                            {
                              "name": "Away",
                              "value": "8.50",
                              "stop": "True"
                            }
                          ]
                        }
                      ]
                    }
                  ]
                },
                {
                  "id": "23395",
                  "value": "Total Towers",
                  "stop": "False",
                  "bookmakers": [
                    {
                      "id": "16",
                      "name": "bet365",
                      "stop": "True",
                      "ts": "1758238152",
                      "odds": [
                        {
                          "type": "total",
                          "name": "48.5",
                          "ismain": "False",
                          "stop": "True",
                          "odds": [
                            {
                              "name": "Over",
                              "value": "1.83",
                              "stop": "True"
                            },
                            {
                              "name": "Under",
                              "value": "1.83",
                              "stop": "True"
                            }
                          ]
                        }
                      ]
                    }
                  ]
                }
              ]
            }
          ]
        },
        {
          "name": "LPL Playoffs",
          "type": "",
          "gid": "7372",
          "id": "7372",
          "matches": [
            {
              "id": "357232",
              "status": "Not Started",
              "date": "Sep 20",
              "formatted_date": "20.09.2025",
              "time": "08:00",
              "static_id": "0",
              "fix_id": "0",
              "localteam": {
                "id": "14984",
                "name": "Top Esports",
                "score": "?"
              },
              "visitorteam": {
                "id": "23165",
                "name": "Anyone&apos;s Legend",
                "score": "?"
              },
              "events": "",
              "odds": [
                {
                  "id": "2",
                  "value": "Home/Away",
                  "stop": "False",
                  "bookmakers": [
                    {
                      "id": "16",
                      "name": "bet365",
                      "stop": "True",
                      "ts": "1758238152",
                      "odds": [
                        {
                          "name": "Home",
                          "value": "1.72",
                          "stop": "True"
                        },
                        {
                          "name": "Away",
                          "value": "2.00",
                          "stop": "True"
                        }
                      ]
                    }
                  ]
                },
                {
                  "id": "81",
                  "value": "Correct Score",
                  "stop": "False",
                  "bookmakers": [
                    {
                      "id": "16",
                      "name": "bet365",
                      "stop": "True",
                      "ts": "1758238152",
                      "odds": [
                        {
                          "name": "3:0",
                          "value": "5.00",
                          "stop": "True"
                        },
                        {
                          "name": "3:1",
                          "value": "4.33",
                          "stop": "True"
                        },
                        {
                          "name": "3:2",
                          "value": "5.00",
                          "stop": "True"
                        },
                        {
                          "name": "0:3",
                          "value": "6.50",
                          "stop": "True"
                        },
                        {
                          "name": "1:3",
                          "value": "5.00",
                          "stop": "True"
                        },
                        {
                          "name": "2:3",
                          "value": "5.50",
                          "stop": "True"
                        }
                      ]
                    }
                  ]
                },
                {
                  "id": "22649",
                  "value": "Home/Away (map 1)",
                  "stop": "False",
                  "bookmakers": [
                    {
                      "id": "16",
                      "name": "bet365",
                      "stop": "True",
                      "ts": "1758238152",
                      "odds": [
                        {
                          "name": "Home",
                          "value": "1.80",
                          "stop": "True"
                        },
                        {
                          "name": "Away",
                          "value": "1.90",
                          "stop": "True"
                        }
                      ]
                    }
                  ]
                },
                {
                  "id": "22650",
                  "value": "Home/Away (map 2)",
                  "stop": "False",
                  "bookmakers": [
                    {
                      "id": "16",
                      "name": "bet365",
                      "stop": "True",
                      "ts": "1758238152",
                      "odds": [
                        {
                          "name": "Home",
                          "value": "1.80",
                          "stop": "True"
                        },
                        {
                          "name": "Away",
                          "value": "1.90",
                          "stop": "True"
                        }
                      ]
                    }
                  ]
                },
                {
                  "id": "22652",
                  "value": "Home/Away (map 3)",
                  "stop": "False",
                  "bookmakers": [
                    {
                      "id": "16",
                      "name": "bet365",
                      "stop": "True",
                      "ts": "1758238152",
                      "odds": [
                        {
                          "name": "Home",
                          "value": "1.80",
                          "stop": "True"
                        },
                        {
                          "name": "Away",
                          "value": "1.90",
                          "stop": "True"
                        }
                      ]
                    }
                  ]
                },
                {
                  "id": "22661",
                  "value": "Total Maps",
                  "stop": "False",
                  "bookmakers": [
                    {
                      "id": "16",
                      "name": "bet365",
                      "stop": "True",
                      "ts": "1758238152",
                      "odds": [
                        {
                          "type": "total",
                          "name": "3.5",
                          "ismain": "False",
                          "stop": "True",
                          "odds": [
                            {
                              "name": "Over",
                              "value": "1.30",
                              "stop": "True"
                            },
                            {
                              "name": "Under",
                              "value": "3.40",
                              "stop": "True"
                            }
                          ]
                        },
                        {
                          "type": "total",
                          "name": "4.5",
                          "ismain": "False",
                          "stop": "True",
                          "odds": [
                            {
                              "name": "Over",
                              "value": "2.62",
                              "stop": "True"
                            },
                            {
                              "name": "Under",
                              "value": "1.44",
                              "stop": "True"
                            }
                          ]
                        }
                      ]
                    }
                  ]
                },
                {
                  "id": "22662",
                  "value": "Maps Handicap",
                  "stop": "False",
                  "bookmakers": [
                    {
                      "id": "16",
                      "name": "bet365",
                      "stop": "True",
                      "ts": "1758238152",
                      "odds": [
                        {
                          "type": "handicap",
                          "name": "-1.5",
                          "ismain": "False",
                          "stop": "True",
                          "odds": [
                            {
                              "name": "Home",
                              "value": "2.62",
                              "stop": "True"
                            },
                            {
                              "name": "Away",
                              "value": "1.44",
                              "stop": "True"
                            }
                          ]
                        },
                        {
                          "type": "handicap",
                          "name": "+1.5",
                          "ismain": "False",
                          "stop": "True",
                          "odds": [
                            {
                              "name": "Home",
                              "value": "1.33",
                              "stop": "True"
                            },
                            {
                              "name": "Away",
                              "value": "3.25",
                              "stop": "True"
                            }
                          ]
                        },
                        {
                          "type": "handicap",
                          "name": "-2.5",
                          "ismain": "False",
                          "stop": "True",
                          "odds": [
                            {
                              "name": "Home",
                              "value": "5.00",
                              "stop": "True"
                            },
                            {
                              "name": "Away",
                              "value": "1.14",
                              "stop": "True"
                            }
                          ]
                        },
                        {
                          "type": "handicap",
                          "name": "+2.5",
                          "ismain": "False",
                          "stop": "True",
                          "odds": [
                            {
                              "name": "Home",
                              "value": "1.10",
                              "stop": "True"
                            },
                            {
                              "name": "Away",
                              "value": "6.50",
                              "stop": "True"
                            }
                          ]
                        }
                      ]
                    }
                  ]
                },
                {
                  "id": "23395",
                  "value": "Total Towers",
                  "stop": "False",
                  "bookmakers": [
                    {
                      "id": "16",
                      "name": "bet365",
                      "stop": "True",
                      "ts": "1758238152",
                      "odds": [
                        {
                          "type": "total",
                          "name": "49.5",
                          "ismain": "False",
                          "stop": "True",
                          "odds": [
                            {
                              "name": "Over",
                              "value": "1.83",
                              "stop": "True"
                            },
                            {
                              "name": "Under",
                              "value": "1.83",
                              "stop": "True"
                            }
                          ]
                        },
                        {
                          "type": "total",
                          "name": "47.5",
                          "ismain": "False",
                          "stop": "True",
                          "odds": [
                            {
                              "name": "Over",
                              "value": "1.90",
                              "stop": "True"
                            },
                            {
                              "name": "Under",
                              "value": "1.80",
                              "stop": "True"
                            }
                          ]
                        }
                      ]
                    }
                  ]
                }
              ]
            }
          ]
        },
        {
          "name": "United21 Group B",
          "type": "CS GO",
          "gid": "7604",
          "id": "7604",
          "matches": [
            {
              "id": "357254",
              "status": "Not Started",
              "date": "Sep 20",
              "formatted_date": "20.09.2025",
              "time": "10:30",
              "static_id": "0",
              "fix_id": "0",
              "localteam": {
                "id": "26703",
                "name": "Sangal ALTERS",
                "score": "?"
              },
              "visitorteam": {
                "id": "17851",
                "name": "megoshort",
                "score": "?"
              },
              "events": "",
              "odds": [
                {
                  "id": "2",
                  "value": "Home/Away",
                  "stop": "False",
                  "bookmakers": [
                    {
                      "id": "16",
                      "name": "bet365",
                      "stop": "True",
                      "ts": "1758238152",
                      "odds": [
                        {
                          "name": "Home",
                          "value": "2.20",
                          "stop": "True"
                        },
                        {
                          "name": "Away",
                          "value": "1.61",
                          "stop": "True"
                        }
                      ]
                    }
                  ]
                },
                {
                  "id": "22649",
                  "value": "Home/Away (map 1)",
                  "stop": "False",
                  "bookmakers": [
                    {
                      "id": "16",
                      "name": "bet365",
                      "stop": "True",
                      "ts": "1758238152",
                      "odds": [
                        {
                          "name": "Home",
                          "value": "2.00",
                          "stop": "True"
                        },
                        {
                          "name": "Away",
                          "value": "1.72",
                          "stop": "True"
                        }
                      ]
                    }
                  ]
                },
                {
                  "id": "22650",
                  "value": "Home/Away (map 2)",
                  "stop": "False",
                  "bookmakers": [
                    {
                      "id": "16",
                      "name": "bet365",
                      "stop": "True",
                      "ts": "1758238152",
                      "odds": [
                        {
                          "name": "Home",
                          "value": "2.00",
                          "stop": "True"
                        },
                        {
                          "name": "Away",
                          "value": "1.72",
                          "stop": "True"
                        }
                      ]
                    }
                  ]
                },
                {
                  "id": "22662",
                  "value": "Maps Handicap",
                  "stop": "False",
                  "bookmakers": [
                    {
                      "id": "16",
                      "name": "bet365",
                      "stop": "True",
                      "ts": "1758238152",
                      "odds": [
                        {
                          "type": "handicap",
                          "name": "+1.5",
                          "ismain": "False",
                          "stop": "True",
                          "odds": [
                            {
                              "name": "Home",
                              "value": "1.36",
                              "stop": "True"
                            },
                            {
                              "name": "Away",
                              "value": "3.00",
                              "stop": "True"
                            }
                          ]
                        }
                      ]
                    }
                  ]
                },
                {
                  "id": "22738",
                  "value": "Asian Handicap (map 1)",
                  "stop": "False",
                  "bookmakers": [
                    {
                      "id": "16",
                      "name": "bet365",
                      "stop": "True",
                      "ts": "1758238152",
                      "odds": [
                        {
                          "type": "handicap",
                          "name": "+2.5",
                          "ismain": "False",
                          "stop": "True",
                          "odds": [
                            {
                              "name": "Home",
                              "value": "1.72",
                              "stop": "True"
                            },
                            {
                              "name": "Away",
                              "value": "2.00",
                              "stop": "True"
                            }
                          ]
                        }
                      ]
                    }
                  ]
                },
                {
                  "id": "22739",
                  "value": "Asian Handicap (map 2)",
                  "stop": "False",
                  "bookmakers": [
                    {
                      "id": "16",
                      "name": "bet365",
                      "stop": "True",
                      "ts": "1758238152",
                      "odds": [
                        {
                          "type": "handicap",
                          "name": "+2.5",
                          "ismain": "False",
                          "stop": "True",
                          "odds": [
                            {
                              "name": "Home",
                              "value": "1.72",
                              "stop": "True"
                            },
                            {
                              "name": "Away",
                              "value": "2.00",
                              "stop": "True"
                            }
                          ]
                        }
                      ]
                    }
                  ]
                },
                {
                  "id": "22980",
                  "value": "Odd/Even Rounds (map 1)",
                  "stop": "False",
                  "bookmakers": [
                    {
                      "id": "16",
                      "name": "bet365",
                      "stop": "True",
                      "ts": "1758238152",
                      "odds": [
                        {
                          "name": "Odd",
                          "value": "2.00",
                          "stop": "True"
                        },
                        {
                          "name": "Even",
                          "value": "1.72",
                          "stop": "True"
                        }
                      ]
                    }
                  ]
                },
                {
                  "id": "23339",
                  "value": "Total Rounds Map 1",
                  "stop": "False",
                  "bookmakers": [
                    {
                      "id": "16",
                      "name": "bet365",
                      "stop": "True",
                      "ts": "1758238152",
                      "odds": [
                        {
                          "type": "total",
                          "name": "21.5",
                          "ismain": "False",
                          "stop": "True",
                          "odds": [
                            {
                              "name": "Over",
                              "value": "2.00",
                              "stop": "True"
                            },
                            {
                              "name": "Under",
                              "value": "1.72",
                              "stop": "True"
                            }
                          ]
                        }
                      ]
                    }
                  ]
                },
                {
                  "id": "23369",
                  "value": "Total Rounds Map 2",
                  "stop": "False",
                  "bookmakers": [
                    {
                      "id": "16",
                      "name": "bet365",
                      "stop": "True",
                      "ts": "1758238152",
                      "odds": [
                        {
                          "type": "total",
                          "name": "21.5",
                          "ismain": "False",
                          "stop": "True",
                          "odds": [
                            {
                              "name": "Over",
                              "value": "2.00",
                              "stop": "True"
                            },
                            {
                              "name": "Under",
                              "value": "1.72",
                              "stop": "True"
                            }
                          ]
                        }
                      ]
                    }
                  ]
                }
              ]
            },
            {
              "id": "357253",
              "status": "Not Started",
              "date": "Sep 20",
              "formatted_date": "20.09.2025",
              "time": "08:00",
              "static_id": "0",
              "fix_id": "0",
              "localteam": {
                "id": "16654",
                "name": "MASONIC",
                "score": "?"
              },
              "visitorteam": {
                "id": "24500",
                "name": "XI Esport",
                "score": "?"
              },
              "events": "",
              "odds": [
                {
                  "id": "2",
                  "value": "Home/Away",
                  "stop": "False",
                  "bookmakers": [
                    {
                      "id": "16",
                      "name": "bet365",
                      "stop": "True",
                      "ts": "1758238152",
                      "odds": [
                        {
                          "name": "Home",
                          "value": "1.50",
                          "stop": "True"
                        },
                        {
                          "name": "Away",
                          "value": "2.50",
                          "stop": "True"
                        }
                      ]
                    }
                  ]
                },
                {
                  "id": "22649",
                  "value": "Home/Away (map 1)",
                  "stop": "False",
                  "bookmakers": [
                    {
                      "id": "16",
                      "name": "bet365",
                      "stop": "True",
                      "ts": "1758238152",
                      "odds": [
                        {
                          "name": "Home",
                          "value": "1.57",
                          "stop": "True"
                        },
                        {
                          "name": "Away",
                          "value": "2.25",
                          "stop": "True"
                        }
                      ]
                    }
                  ]
                },
                {
                  "id": "22650",
                  "value": "Home/Away (map 2)",
                  "stop": "False",
                  "bookmakers": [
                    {
                      "id": "16",
                      "name": "bet365",
                      "stop": "True",
                      "ts": "1758238152",
                      "odds": [
                        {
                          "name": "Home",
                          "value": "1.57",
                          "stop": "True"
                        },
                        {
                          "name": "Away",
                          "value": "2.25",
                          "stop": "True"
                        }
                      ]
                    }
                  ]
                },
                {
                  "id": "22662",
                  "value": "Maps Handicap",
                  "stop": "False",
                  "bookmakers": [
                    {
                      "id": "16",
                      "name": "bet365",
                      "stop": "True",
                      "ts": "1758238152",
                      "odds": [
                        {
                          "type": "handicap",
                          "name": "-1.5",
                          "ismain": "False",
                          "stop": "True",
                          "odds": [
                            {
                              "name": "Home",
                              "value": "2.62",
                              "stop": "True"
                            },
                            {
                              "name": "Away",
                              "value": "1.44",
                              "stop": "True"
                            }
                          ]
                        }
                      ]
                    }
                  ]
                },
                {
                  "id": "22738",
                  "value": "Asian Handicap (map 1)",
                  "stop": "False",
                  "bookmakers": [
                    {
                      "id": "16",
                      "name": "bet365",
                      "stop": "True",
                      "ts": "1758238152",
                      "odds": [
                        {
                          "type": "handicap",
                          "name": "-2.5",
                          "ismain": "False",
                          "stop": "True",
                          "odds": [
                            {
                              "name": "Home",
                              "value": "1.83",
                              "stop": "True"
                            },
                            {
                              "name": "Away",
                              "value": "1.83",
                              "stop": "True"
                            }
                          ]
                        }
                      ]
                    }
                  ]
                },
                {
                  "id": "22739",
                  "value": "Asian Handicap (map 2)",
                  "stop": "False",
                  "bookmakers": [
                    {
                      "id": "16",
                      "name": "bet365",
                      "stop": "True",
                      "ts": "1758238152",
                      "odds": [
                        {
                          "type": "handicap",
                          "name": "-2.5",
                          "ismain": "False",
                          "stop": "True",
                          "odds": [
                            {
                              "name": "Home",
                              "value": "1.83",
                              "stop": "True"
                            },
                            {
                              "name": "Away",
                              "value": "1.83",
                              "stop": "True"
                            }
                          ]
                        }
                      ]
                    }
                  ]
                },
                {
                  "id": "22980",
                  "value": "Odd/Even Rounds (map 1)",
                  "stop": "False",
                  "bookmakers": [
                    {
                      "id": "16",
                      "name": "bet365",
                      "stop": "True",
                      "ts": "1758238152",
                      "odds": [
                        {
                          "name": "Odd",
                          "value": "2.00",
                          "stop": "True"
                        },
                        {
                          "name": "Even",
                          "value": "1.72",
                          "stop": "True"
                        }
                      ]
                    }
                  ]
                },
                {
                  "id": "23339",
                  "value": "Total Rounds Map 1",
                  "stop": "False",
                  "bookmakers": [
                    {
                      "id": "16",
                      "name": "bet365",
                      "stop": "True",
                      "ts": "1758238152",
                      "odds": [
                        {
                          "type": "total",
                          "name": "21.5",
                          "ismain": "False",
                          "stop": "True",
                          "odds": [
                            {
                              "name": "Over",
                              "value": "2.00",
                              "stop": "True"
                            },
                            {
                              "name": "Under",
                              "value": "1.72",
                              "stop": "True"
                            }
                          ]
                        }
                      ]
                    }
                  ]
                },
                {
                  "id": "23369",
                  "value": "Total Rounds Map 2",
                  "stop": "False",
                  "bookmakers": [
                    {
                      "id": "16",
                      "name": "bet365",
                      "stop": "True",
                      "ts": "1758238152",
                      "odds": [
                        {
                          "type": "total",
                          "name": "21.5",
                          "ismain": "False",
                          "stop": "True",
                          "odds": [
                            {
                              "name": "Over",
                              "value": "2.00",
                              "stop": "True"
                            },
                            {
                              "name": "Under",
                              "value": "1.72",
                              "stop": "True"
                            }
                          ]
                        }
                      ]
                    }
                  ]
                }
              ]
            }
          ]
        }
      ]
    }
  }
}