{
  "metadata": {
    "sport": "volleyball",
    "display_name": "Volleyball",
    "icon": "🏐",
    "fetch_timestamp": "2025-09-11T23:26:11.451944",
    "date_range": [
      "10.09.2025",
      "12.09.2025"
    ]
  },
  "odds_data": {
    "scores": {
      "sport": "volleyball",
      "ts": "1757575377",
      "categories": [
        {
          "name": "World: World Championship",
          "gid": "1071",
          "id": "1071",
          "matches": [
            {
              "id": "442046",
              "status": "Not Started",
              "date": "12.09.2025",
              "time": "11:00",
              "localteam": {
                "id": "3980",
                "name": "Philippines",
                "s1": "",
                "s2": "",
                "s3": "",
                "s4": "",
                "s5": "",
                "totalscore": ""
              },
              "awayteam": {
                "id": "1073",
                "name": "Tunisia",
                "s1": "",
                "s2": "",
                "s3": "",
                "s4": "",
                "s5": "",
                "totalscore": ""
              },
              "odds": [
                {
                  "id": "2",
                  "value": "Home/Away",
                  "stop": "False",
                  "bookmakers": [
                    {
                      "id": "16",
                      "name": "bet365",
                      "stop": "False",
                      "ts": "1757565388",
                      "odds": [
                        {
                          "name": "Home",
                          "value": "4.50",
                          "stop": "False"
                        },
                        {
                          "name": "Away",
                          "value": "1.16",
                          "stop": "False"
                        }
                      ]
                    }
                  ]
                },
                {
                  "id": "12",
                  "value": "HT/FT Double",
                  "stop": "False",
                  "bookmakers": [
                    {
                      "id": "16",
                      "name": "bet365",
                      "stop": "False",
                      "ts": "1757565388",
                      "odds": [
                        {
                          "name": "Philippines/Tunisia",
                          "value": "5.00",
                          "stop": "False"
                        },
                        {
                          "name": "Tunisia/Philippines",
                          "value": "13.00",
                          "stop": "False"
                        },
                        {
                          "name": "Tunisia/Tunisia",
                          "value": "1.44",
                          "stop": "False"
                        },
                        {
                          "name": "Philippines/Philippines",
                          "value": "6.50",
                          "stop": "False"
                        }
                      ]
                    }
                  ]
                },
                {
                  "id": "81",
                  "value": "Correct Score",
                  "stop": "False",
                  "bookmakers": [
                    {
                      "id": "16",
                      "name": "bet365",
                      "stop": "False",
                      "ts": "1757565388",
                      "odds": [
                        {
                          "name": "3:0",
                          "value": "15.00",
                          "stop": "False"
                        },
                        {
                          "name": "3:1",
                          "value": "12.00",
                          "stop": "False"
                        },
                        {
                          "name": "3:2",
                          "value": "10.00",
                          "stop": "False"
                        },
                        {
                          "name": "0:3",
                          "value": "2.25",
                          "stop": "False"
                        },
                        {
                          "name": "1:3",
                          "value": "3.25",
                          "stop": "False"
                        },
                        {
                          "name": "2:3",
                          "value": "6.00",
                          "stop": "False"
                        }
                      ]
                    }
                  ]
                },
                {
                  "id": "22124",
                  "value": "Total - Home",
                  "stop": "False",
                  "bookmakers": [
                    {
                      "id": "16",
                      "name": "bet365",
                      "stop": "False",
                      "ts": "1757565388",
                      "odds": [
                        {
                          "type": "total",
                          "name": "79.5",
                          "ismain": "True",
                          "stop": "False",
                          "odds": [
                            {
                              "name": "Over",
                              "value": "1.83",
                              "stop": "False"
                            },
                            {
                              "name": "Under",
                              "value": "1.83",
                              "stop": "False"
                            }
                          ]
                        }
                      ]
                    }
                  ]
                },
                {
                  "id": "22125",
                  "value": "Total - Away",
                  "stop": "False",
                  "bookmakers": [
                    {
                      "id": "16",
                      "name": "bet365",
                      "stop": "False",
                      "ts": "1757565388",
                      "odds": [
                        {
                          "type": "total",
                          "name": "90.5",
                          "ismain": "True",
                          "stop": "False",
                          "odds": [
                            {
                              "name": "Over",
                              "value": "1.83",
                              "stop": "False"
                            },
                            {
                              "name": "Under",
                              "value": "1.83",
                              "stop": "False"
                            }
                          ]
                        }
                      ]
                    }
                  ]
                },
                {
                  "id": "22608",
                  "value": "Odd/Even",
                  "stop": "False",
                  "bookmakers": [
                    {
                      "id": "16",
                      "name": "bet365",
                      "stop": "False",
                      "ts": "1757574608",
                      "odds": [
                        {
                          "name": "Odd",
                          "value": "1.83",
                          "stop": "False"
                        },
                        {
                          "name": "Even",
                          "value": "1.83",
                          "stop": "False"
                        }
                      ]
                    }
                  ]
                },
                {
                  "id": "22624",
                  "value": "Over/Under by Games in Match",
                  "stop": "False",
                  "bookmakers": [
                    {
                      "id": "16",
                      "name": "bet365",
                      "stop": "False",
                      "ts": "1757565388",
                      "odds": [
                        {
                          "type": "total",
                          "name": "173.5",
                          "ismain": "True",
                          "stop": "False",
                          "odds": [
                            {
                              "name": "Over",
                              "value": "1.83",
                              "stop": "False"
                            },
                            {
                              "name": "Under",
                              "value": "1.83",
                              "stop": "False"
                            }
                          ]
                        }
                      ]
                    }
                  ]
                },
                {
                  "id": "22625",
                  "value": "Odd/Even (1st Set)",
                  "stop": "False",
                  "bookmakers": [
                    {
                      "id": "16",
                      "name": "bet365",
                      "stop": "False",
                      "ts": "1757565388",
                      "odds": [
                        {
                          "name": "Odd",
                          "value": "2.25",
                          "stop": "False"
                        },
                        {
                          "name": "Even",
                          "value": "1.57",
                          "stop": "False"
                        }
                      ]
                    }
                  ]
                },
                {
                  "id": "22627",
                  "value": "Over/Under (1st Set)",
                  "stop": "False",
                  "bookmakers": [
                    {
                      "id": "16",
                      "name": "bet365",
                      "stop": "False",
                      "ts": "1757565388",
                      "odds": [
                        {
                          "type": "total",
                          "name": "45.5",
                          "ismain": "True",
                          "stop": "False",
                          "odds": [
                            {
                              "name": "Over",
                              "value": "1.83",
                              "stop": "False"
                            },
                            {
                              "name": "Under",
                              "value": "1.83",
                              "stop": "False"
                            }
                          ]
                        }
                      ]
                    }
                  ]
                },
                {
                  "id": "22628",
                  "value": "Home/Away (1st Set)",
                  "stop": "False",
                  "bookmakers": [
                    {
                      "id": "16",
                      "name": "bet365",
                      "stop": "False",
                      "ts": "1757565388",
                      "odds": [
                        {
                          "name": "Home",
                          "value": "3.25",
                          "stop": "False"
                        },
                        {
                          "name": "Away",
                          "value": "1.33",
                          "stop": "False"
                        }
                      ]
                    }
                  ]
                },
                {
                  "id": "22629",
                  "value": "Asian Handicap (1st Set)",
                  "stop": "False",
                  "bookmakers": [
                    {
                      "id": "16",
                      "name": "bet365",
                      "stop": "False",
                      "ts": "1757565388",
                      "odds": [
                        {
                          "type": "handicap",
                          "name": "+3.5",
                          "ismain": "True",
                          "stop": "False",
                          "odds": [
                            {
                              "name": "Home",
                              "value": "1.80",
                              "stop": "False"
                            },
                            {
                              "name": "Away",
                              "value": "1.95",
                              "stop": "False"
                            }
                          ]
                        }
                      ]
                    }
                  ]
                },
                {
                  "id": "22630",
                  "value": "Asian Handicap (Sets)",
                  "stop": "False",
                  "bookmakers": [
                    {
                      "id": "16",
                      "name": "bet365",
                      "stop": "False",
                      "ts": "1757565388",
                      "odds": [
                        {
                          "type": "handicap",
                          "name": "+2.5",
                          "ismain": "True",
                          "stop": "False",
                          "odds": [
                            {
                              "name": "Home",
                              "value": "1.57",
                              "stop": "False"
                            },
                            {
                              "name": "Away",
                              "value": "2.25",
                              "stop": "False"
                            }
                          ]
                        }
                      ]
                    }
                  ]
                },
                {
                  "id": "22631",
                  "value": "Asian Handicap (Games)",
                  "stop": "False",
                  "bookmakers": [
                    {
                      "id": "16",
                      "name": "bet365",
                      "stop": "False",
                      "ts": "1757565388",
                      "odds": [
                        {
                          "type": "handicap",
                          "name": "+12.5",
                          "ismain": "True",
                          "stop": "False",
                          "odds": [
                            {
                              "name": "Home",
                              "value": "1.80",
                              "stop": "False"
                            },
                            {
                              "name": "Away",
                              "value": "1.90",
                              "stop": "False"
                            }
                          ]
                        }
                      ]
                    }
                  ]
                },
                {
                  "id": "23110",
                  "value": "Extra Point (1st Set)",
                  "stop": "False",
                  "bookmakers": [
                    {
                      "id": "16",
                      "name": "bet365",
                      "stop": "False",
                      "ts": "1757575376",
                      "odds": [
                        {
                          "name": "Yes",
                          "value": "6.00",
                          "stop": "False"
                        },
                        {
                          "name": "No",
                          "value": "1.11",
                          "stop": "False"
                        }
                      ]
                    }
                  ]
                },
                {
                  "id": "23355",
                  "value": "Score After 3rd Set",
                  "stop": "False",
                  "bookmakers": [
                    {
                      "id": "16",
                      "name": "bet365",
                      "stop": "False",
                      "ts": "1757565388",
                      "odds": [
                        {
                          "name": "2:1",
                          "value": "5.00",
                          "stop": "False"
                        },
                        {
                          "name": "3:0",
                          "value": "15.00",
                          "stop": "False"
                        },
                        {
                          "name": "0:3",
                          "value": "2.25",
                          "stop": "False"
                        },
                        {
                          "name": "1:2",
                          "value": "2.37",
                          "stop": "False"
                        }
                      ]
                    }
                  ]
                },
                {
                  "id": "23356",
                  "value": "Score After 2nd Set",
                  "stop": "False",
                  "bookmakers": [
                    {
                      "id": "16",
                      "name": "bet365",
                      "stop": "False",
                      "ts": "1757565388",
                      "odds": [
                        {
                          "name": "2:0",
                          "value": "8.50",
                          "stop": "False"
                        },
                        {
                          "name": "1:1",
                          "value": "2.40",
                          "stop": "False"
                        },
                        {
                          "name": "0:2",
                          "value": "1.80",
                          "stop": "False"
                        }
                      ]
                    }
                  ]
                },
                {
                  "id": "23522",
                  "value": "Home Winning Margin (1st Set)",
                  "stop": "False",
                  "bookmakers": [
                    {
                      "id": "16",
                      "name": "bet365",
                      "stop": "False",
                      "ts": "1757574344",
                      "odds": [
                        {
                          "name": "3-4",
                          "value": "9.50",
                          "stop": "False"
                        },
                        {
                          "name": "5-7",
                          "value": "11.00",
                          "stop": "False"
                        },
                        {
                          "name": "8-11",
                          "value": "23.00",
                          "stop": "False"
                        },
                        {
                          "name": "12+",
                          "value": "81.00",
                          "stop": "False"
                        },
                        {
                          "name": "Away",
                          "value": "7.50",
                          "stop": "False"
                        }
                      ]
                    }
                  ]
                },
                {
                  "id": "23523",
                  "value": "Away Winning Margin (1st Set)",
                  "stop": "False",
                  "bookmakers": [
                    {
                      "id": "16",
                      "name": "bet365",
                      "stop": "False",
                      "ts": "1757574344",
                      "odds": [
                        {
                          "name": "3-4",
                          "value": "5.50",
                          "stop": "False"
                        },
                        {
                          "name": "5-7",
                          "value": "4.00",
                          "stop": "False"
                        },
                        {
                          "name": "8-11",
                          "value": "5.50",
                          "stop": "False"
                        },
                        {
                          "name": "12+",
                          "value": "19.00",
                          "stop": "False"
                        },
                        {
                          "name": "Away",
                          "value": "5.50",
                          "stop": "False"
                        }
                      ]
                    }
                  ]
                },
                {
                  "id": "23528",
                  "value": "Correct Score (1st Set)",
                  "stop": "False",
                  "bookmakers": [
                    {
                      "id": "16",
                      "name": "bet365",
                      "stop": "False",
                      "ts": "1757568280",
                      "odds": [
                        {
                          "name": "17:25",
                          "value": "15.00",
                          "stop": "False"
                        },
                        {
                          "name": "25:16",
                          "value": "51.00",
                          "stop": "False"
                        },
                        {
                          "name": "25:19",
                          "value": "29.00",
                          "stop": "False"
                        },
                        {
                          "name": "25:21",
                          "value": "19.00",
                          "stop": "False"
                        },
                        {
                          "name": "15:25",
                          "value": "9.00",
                          "stop": "False"
                        },
                        {
                          "name": "16:25",
                          "value": "19.00",
                          "stop": "False"
                        },
                        {
                          "name": "18:25",
                          "value": "13.00",
                          "stop": "False"
                        },
                        {
                          "name": "19:25",
                          "value": "11.00",
                          "stop": "False"
                        },
                        {
                          "name": "20:25",
                          "value": "10.00",
                          "stop": "False"
                        },
                        {
                          "name": "21:25",
                          "value": "10.00",
                          "stop": "False"
                        },
                        {
                          "name": "22:25",
                          "value": "10.00",
                          "stop": "False"
                        },
                        {
                          "name": "23:25",
                          "value": "11.00",
                          "stop": "False"
                        },
                        {
                          "name": "25:15",
                          "value": "41.00",
                          "stop": "False"
                        },
                        {
                          "name": "25:17",
                          "value": "41.00",
                          "stop": "False"
                        },
                        {
                          "name": "25:18",
                          "value": "34.00",
                          "stop": "False"
                        },
                        {
                          "name": "25:20",
                          "value": "23.00",
                          "stop": "False"
                        },
                        {
                          "name": "25:22",
                          "value": "17.00",
                          "stop": "False"
                        },
                        {
                          "name": "25:23",
                          "value": "15.00",
                          "stop": "False"
                        }
                      ]
                    }
                  ]
                }
              ]
            }
          ]
        },
        {
          "name": "Albania: Superliga",
          "gid": "3986",
          "id": "3986",
          "matches": [
            {
              "id": "460530",
              "status": "Not Started",
              "date": "12.09.2025",
              "time": "16:00",
              "localteam": {
                "id": "6939",
                "name": "Elbasani",
                "s1": "",
                "s2": "",
                "s3": "",
                "s4": "",
                "s5": "",
                "totalscore": ""
              },
              "awayteam": {
                "id": "6937",
                "name": "Studenti Tirana",
                "s1": "",
                "s2": "",
                "s3": "",
                "s4": "",
                "s5": "",
                "totalscore": ""
              },
              "odds": [
                {
                  "id": "2",
                  "value": "Home/Away",
                  "stop": "False",
                  "bookmakers": [
                    {
                      "id": "16",
                      "name": "bet365",
                      "stop": "False",
                      "ts": "1757565388",
                      "odds": [
                        {
                          "name": "Home",
                          "value": "8.50",
                          "stop": "False"
                        },
                        {
                          "name": "Away",
                          "value": "1.05",
                          "stop": "False"
                        }
                      ]
                    }
                  ]
                },
                {
                  "id": "22608",
                  "value": "Odd/Even",
                  "stop": "False",
                  "bookmakers": [
                    {
                      "id": "16",
                      "name": "bet365",
                      "stop": "False",
                      "ts": "1757572562",
                      "odds": [
                        {
                          "name": "Odd",
                          "value": "1.83",
                          "stop": "False"
                        },
                        {
                          "name": "Even",
                          "value": "1.83",
                          "stop": "False"
                        }
                      ]
                    }
                  ]
                },
                {
                  "id": "22625",
                  "value": "Odd/Even (1st Set)",
                  "stop": "False",
                  "bookmakers": [
                    {
                      "id": "16",
                      "name": "bet365",
                      "stop": "False",
                      "ts": "1757571711",
                      "odds": [
                        {
                          "name": "Odd",
                          "value": "2.10",
                          "stop": "False"
                        },
                        {
                          "name": "Even",
                          "value": "1.66",
                          "stop": "False"
                        }
                      ]
                    }
                  ]
                }
              ]
            }
          ]
        }
      ]
    }
  }
}