{
  "metadata": {
    "sport": "futsal",
    "display_name": "Futsal",
    "icon": "⚽",
    "fetch_timestamp": "2025-09-11T22:41:19.852028",
    "date_range": [
      "10.09.2025",
      "12.09.2025"
    ]
  },
  "odds_data": {
    "scores": {
      "sport": "futsal",
      "ts": "1757572420",
      "categories": [
        {
          "name": "Spain: Liga Nacional",
          "gid": "1051",
          "id": "1051",
          "matches": [
            {
              "id": "93788",
              "status": "18:00",
              "date": "Sep 12",
              "formatted_date": "12.09.2025",
              "time": "18:00",
              "venue": "",
              "static_id": "0",
              "fix_id": "0",
              "localteam": {
                "id": "1470",
                "name": "ElPozo Murcia",
                "goals": "?"
              },
              "visitorteam": {
                "id": "1481",
                "name": "Noia",
                "goals": "?"
              },
              "events": "",
              "ht": {
                "score": ""
              },
              "odds": [
                {
                  "id": "1",
                  "value": "3Way Result",
                  "stop": "False",
                  "bookmakers": [
                    {
                      "id": "16",
                      "name": "bet365",
                      "stop": "True",
                      "ts": "1757571884",
                      "odds": [
                        {
                          "name": "Home",
                          "value": "1.44",
                          "stop": "True"
                        },
                        {
                          "name": "Draw",
                          "value": "5.50",
                          "stop": "True"
                        },
                        {
                          "name": "Away",
                          "value": "4.33",
                          "stop": "True"
                        }
                      ]
                    }
                  ]
                },
                {
                  "id": "2",
                  "value": "Home/Away",
                  "stop": "False",
                  "bookmakers": [
                    {
                      "id": "16",
                      "name": "bet365",
                      "stop": "True",
                      "ts": "1757571884",
                      "odds": [
                        {
                          "name": "Home",
                          "value": "1.25",
                          "stop": "True"
                        },
                        {
                          "name": "Away",
                          "value": "3.50",
                          "stop": "True"
                        }
                      ]
                    }
                  ]
                },
                {
                  "id": "4",
                  "value": "Asian Handicap",
                  "stop": "False",
                  "bookmakers": [
                    {
                      "id": "16",
                      "name": "bet365",
                      "stop": "True",
                      "ts": "1757571884",
                      "odds": [
                        {
                          "type": "handicap",
                          "name": "-1.5",
                          "ismain": "False",
                          "stop": "True",
                          "odds": [
                            {
                              "name": "Home",
                              "value": "1.72",
                              "stop": "True"
                            },
                            {
                              "name": "Away",
                              "value": "2.00",
                              "stop": "True"
                            }
                          ]
                        }
                      ]
                    }
                  ]
                },
                {
                  "id": "5",
                  "value": "Over/Under",
                  "stop": "False",
                  "bookmakers": [
                    {
                      "id": "16",
                      "name": "bet365",
                      "stop": "True",
                      "ts": "1757572419",
                      "odds": [
                        {
                          "type": "total",
                          "name": "5.5",
                          "ismain": "False",
                          "stop": "True",
                          "odds": [
                            {
                              "name": "Over",
                              "value": "1.80",
                              "stop": "True"
                            },
                            {
                              "name": "Under",
                              "value": "1.90",
                              "stop": "True"
                            }
                          ]
                        }
                      ]
                    }
                  ]
                }
              ]
            },
            {
              "id": "93787",
              "status": "19:00",
              "date": "Sep 12",
              "formatted_date": "12.09.2025",
              "time": "19:00",
              "venue": "",
              "static_id": "0",
              "fix_id": "0",
              "localteam": {
                "id": "1472",
                "name": "Palma Futsal",
                "goals": "?"
              },
              "visitorteam": {
                "id": "1483",
                "name": "Cordoba",
                "goals": "?"
              },
              "events": "",
              "ht": {
                "score": ""
              },
              "odds": [
                {
                  "id": "1",
                  "value": "3Way Result",
                  "stop": "False",
                  "bookmakers": [
                    {
                      "id": "16",
                      "name": "bet365",
                      "stop": "False",
                      "ts": "1757565388",
                      "odds": [
                        {
                          "name": "Home",
                          "value": "1.33",
                          "stop": "False"
                        },
                        {
                          "name": "Draw",
                          "value": "6.00",
                          "stop": "False"
                        },
                        {
                          "name": "Away",
                          "value": "5.00",
                          "stop": "False"
                        }
                      ]
                    }
                  ]
                },
                {
                  "id": "2",
                  "value": "Home/Away",
                  "stop": "False",
                  "bookmakers": [
                    {
                      "id": "16",
                      "name": "bet365",
                      "stop": "False",
                      "ts": "1757565388",
                      "odds": [
                        {
                          "name": "Home",
                          "value": "1.16",
                          "stop": "False"
                        },
                        {
                          "name": "Away",
                          "value": "4.33",
                          "stop": "False"
                        }
                      ]
                    }
                  ]
                },
                {
                  "id": "4",
                  "value": "Asian Handicap",
                  "stop": "False",
                  "bookmakers": [
                    {
                      "id": "16",
                      "name": "bet365",
                      "stop": "False",
                      "ts": "1757565388",
                      "odds": [
                        {
                          "type": "handicap",
                          "name": "-1.5",
                          "ismain": "True",
                          "stop": "False",
                          "odds": [
                            {
                              "name": "Home",
                              "value": "1.53",
                              "stop": "False"
                            },
                            {
                              "name": "Away",
                              "value": "2.37",
                              "stop": "False"
                            }
                          ]
                        }
                      ]
                    }
                  ]
                },
                {
                  "id": "5",
                  "value": "Over/Under",
                  "stop": "False",
                  "bookmakers": [
                    {
                      "id": "16",
                      "name": "bet365",
                      "stop": "False",
                      "ts": "1757565388",
                      "odds": [
                        {
                          "type": "total",
                          "name": "6.5",
                          "ismain": "True",
                          "stop": "False",
                          "odds": [
                            {
                              "name": "Over",
                              "value": "1.80",
                              "stop": "False"
                            },
                            {
                              "name": "Under",
                              "value": "1.90",
                              "stop": "False"
                            }
                          ]
                        }
                      ]
                    }
                  ]
                }
              ]
            }
          ]
        },
        {
          "name": "Hungary: Nb I",
          "gid": "1006",
          "id": "1006",
          "matches": [
            {
              "id": "94428",
              "status": "16:30",
              "date": "Sep 11",
              "formatted_date": "11.09.2025",
              "time": "16:30",
              "venue": "",
              "static_id": "0",
              "fix_id": "0",
              "localteam": {
                "id": "1165",
                "name": "Haladas",
                "goals": "?"
              },
              "visitorteam": {
                "id": "1049",
                "name": "Veszprem",
                "goals": "?"
              },
              "events": "",
              "ht": {
                "score": ""
              },
              "odds": [
                {
                  "id": "4",
                  "value": "Asian Handicap",
                  "stop": "False",
                  "bookmakers": [
                    {
                      "id": "16",
                      "name": "bet365",
                      "stop": "False",
                      "ts": "1757572087",
                      "odds": [
                        {
                          "type": "handicap",
                          "name": "+6.5",
                          "ismain": "True",
                          "stop": "False",
                          "odds": [
                            {
                              "name": "Home",
                              "value": "2.25",
                              "stop": "False"
                            },
                            {
                              "name": "Away",
                              "value": "1.57",
                              "stop": "False"
                            }
                          ]
                        }
                      ]
                    }
                  ]
                },
                {
                  "id": "5",
                  "value": "Over/Under",
                  "stop": "False",
                  "bookmakers": [
                    {
                      "id": "16",
                      "name": "bet365",
                      "stop": "False",
                      "ts": "1757572087",
                      "odds": [
                        {
                          "type": "total",
                          "name": "8.5",
                          "ismain": "True",
                          "stop": "False",
                          "odds": [
                            {
                              "name": "Over",
                              "value": "2.00",
                              "stop": "False"
                            },
                            {
                              "name": "Under",
                              "value": "1.72",
                              "stop": "False"
                            }
                          ]
                        },
                        {
                          "type": "total",
                          "name": "7.5",
                          "ismain": "False",
                          "stop": "False",
                          "odds": [
                            {
                              "name": "Over",
                              "value": "1.57",
                              "stop": "False"
                            },
                            {
                              "name": "Under",
                              "value": "2.25",
                              "stop": "False"
                            }
                          ]
                        }
                      ]
                    }
                  ]
                },
                {
                  "id": "12",
                  "value": "HT/FT Double",
                  "stop": "False",
                  "bookmakers": [
                    {
                      "id": "16",
                      "name": "bet365",
                      "stop": "False",
                      "ts": "1757567184",
                      "odds": [
                        {
                          "name": "Futsal Club Veszprem/Futsal Club Veszprem",
                          "value": "1.05",
                          "stop": "False"
                        },
                        {
                          "name": "Futsal Club Veszprem/Draw",
                          "value": "40.00",
                          "stop": "False"
                        },
                        {
                          "name": "Draw/Futsal Club Veszprem",
                          "value": "10.00",
                          "stop": "False"
                        },
                        {
                          "name": "Swietelsky-Haladas VSE/Futsal Club Veszprem",
                          "value": "20.00",
                          "stop": "False"
                        },
                        {
                          "name": "Futsal Club Veszprem/Swietelsky-Haladas VSE",
                          "value": "50.00",
                          "stop": "False"
                        },
                        {
                          "name": "Draw/Swietelsky-Haladas VSE",
                          "value": "60.00",
                          "stop": "False"
                        },
                        {
                          "name": "Swietelsky-Haladas VSE/Draw",
                          "value": "65.00",
                          "stop": "False"
                        },
                        {
                          "name": "Swietelsky-Haladas VSE/Swietelsky-Haladas VSE",
                          "value": "60.00",
                          "stop": "False"
                        },
                        {
                          "name": "Draw/Draw",
                          "value": "40.00",
                          "stop": "False"
                        }
                      ]
                    }
                  ]
                }
              ]
            }
          ]
        }
      ]
    }
  }
}