{
  "metadata": {
    "sport": "boxing",
    "display_name": "Boxing",
    "icon": "🥊",
    "fetch_timestamp": "2025-09-20T11:39:46.676687",
    "date_range": [
      "19.09.2025",
      "21.09.2025"
    ]
  },
  "odds_data": {
    "scores": {
      "sport": "boxing",
      "ts": "1758278618",
      "categories": [
        {
          "name": "Middleweight - Women: Wbc/Wba Titles (World)",
          "gid": "2504",
          "id": "2504",
          "matches": [
            {
              "id": "91687",
              "status": "Not Started",
              "date": "20.09.2025",
              "time": "02:00",
              "localteam": {
                "id": "5904",
                "name": "Curry O.",
                "winner": "false",
                "reason": "",
                "round": ""
              },
              "awayteam": {
                "id": "7375",
                "name": "Scott K.",
                "winner": "false",
                "reason": "",
                "round": ""
              },
              "odds": [
                {
                  "id": "2",
                  "value": "Home/Away",
                  "stop": "False",
                  "bookmakers": [
                    {
                      "id": "16",
                      "name": "bet365",
                      "stop": "True",
                      "ts": "1758278617",
                      "odds": [
                        {
                          "name": "Home",
                          "value": "1.86",
                          "stop": "True"
                        },
                        {
                          "name": "Away",
                          "value": "1.86",
                          "stop": "True"
                        }
                      ]
                    }
                  ]
                },
                {
                  "id": "5",
                  "value": "Over/Under",
                  "stop": "False",
                  "bookmakers": [
                    {
                      "id": "16",
                      "name": "bet365",
                      "stop": "True",
                      "ts": "1758278617",
                      "odds": [
                        {
                          "type": "total",
                          "name": "8.5",
                          "ismain": "False",
                          "stop": "True",
                          "odds": [
                            {
                              "name": "Over",
                              "value": "1.07",
                              "stop": "True"
                            },
                            {
                              "name": "Under",
                              "value": "9.00",
                              "stop": "True"
                            }
                          ]
                        }
                      ]
                    }
                  ]
                }
              ]
            }
          ]
        }
      ]
    }
  }
}