{
  "metadata": {
    "sport": "table_tennis",
    "display_name": "Table Tennis",
    "icon": "🏓",
    "fetch_timestamp": "2025-09-14T08:57:09.167448",
    "date_range": [
      "13.09.2025",
      "15.09.2025"
    ]
  },
  "odds_data": {
    "scores": {
      "sport": "table_tennis",
      "ts": "1757782574",
      "categories": [
        {
          "name": "Others - Women: Wtt Champions Macao (Macao)",
          "gid": "47650",
          "id": "47650",
          "matches": [
            {
              "id": "2541008",
              "tb": "false",
              "time": "04:00",
              "formatted_date": "14.09.2025",
              "status": "Not Started",
              "player_1": {
                "id": "135226",
                "name": "X. Chen",
                "winner": "false",
                "totalscore": "",
                "s5": "",
                "s4": "",
                "s3": "",
                "s2": "",
                "s1": "",
                "game_score": "",
                "serve": "false"
              },
              "player_2": {
                "id": "40582",
                "name": "M. Wang",
                "winner": "false",
                "totalscore": "",
                "s5": "",
                "s4": "",
                "s3": "",
                "s2": "",
                "s1": "",
                "game_score": "",
                "serve": "false"
              },
              "odds": [
                {
                  "id": "2",
                  "value": "Home/Away",
                  "stop": "false",
                  "bookmakers": [
                    {
                      "id": "16",
                      "name": "bet365",
                      "stop": "False",
                      "ts": "1757763442",
                      "odds": [
                        {
                          "name": "Home",
                          "value": "2.75",
                          "stop": "False"
                        },
                        {
                          "name": "Away",
                          "value": "1.40",
                          "stop": "False"
                        }
                      ]
                    }
                  ]
                },
                {
                  "id": "4",
                  "value": "Asian Handicap",
                  "stop": "false",
                  "bookmakers": [
                    {
                      "id": "16",
                      "name": "bet365",
                      "stop": "False",
                      "ts": "1757763442",
                      "odds": [
                        {
                          "type": "handicap",
                          "name": "+1.5",
                          "ismain": "False",
                          "stop": "False",
                          "odds": [
                            {
                              "name": "Home",
                              "value": "2.62",
                              "stop": "False"
                            },
                            {
                              "name": "Away",
                              "value": "1.44",
                              "stop": "False"
                            }
                          ]
                        },
                        {
                          "type": "handicap",
                          "name": "-3.5",
                          "ismain": "False",
                          "stop": "False",
                          "odds": [
                            {
                              "name": "Home",
                              "value": "3.50",
                              "stop": "False"
                            },
                            {
                              "name": "Away",
                              "value": "1.28",
                              "stop": "False"
                            }
                          ]
                        },
                        {
                          "type": "handicap",
                          "name": "+6.5",
                          "ismain": "True",
                          "stop": "False",
                          "odds": [
                            {
                              "name": "Home",
                              "value": "1.90",
                              "stop": "False"
                            },
                            {
                              "name": "Away",
                              "value": "1.80",
                              "stop": "False"
                            }
                          ]
                        },
                        {
                          "type": "handicap",
                          "name": "+11.5",
                          "ismain": "False",
                          "stop": "False",
                          "odds": [
                            {
                              "name": "Home",
                              "value": "1.40",
                              "stop": "False"
                            },
                            {
                              "name": "Away",
                              "value": "2.75",
                              "stop": "False"
                            }
                          ]
                        },
                        {
                          "type": "handicap",
                          "name": "+16.5",
                          "ismain": "False",
                          "stop": "False",
                          "odds": [
                            {
                              "name": "Home",
                              "value": "1.12",
                              "stop": "False"
                            },
                            {
                              "name": "Away",
                              "value": "5.50",
                              "stop": "False"
                            }
                          ]
                        }
                      ]
                    }
                  ]
                },
                {
                  "id": "5",
                  "value": "Over/Under",
                  "stop": "false",
                  "bookmakers": [
                    {
                      "id": "16",
                      "name": "bet365",
                      "stop": "False",
                      "ts": "1757763442",
                      "odds": [
                        {
                          "type": "total",
                          "name": "94.5",
                          "ismain": "False",
                          "stop": "False",
                          "odds": [
                            {
                              "name": "Over",
                              "value": "1.50",
                              "stop": "False"
                            },
                            {
                              "name": "Under",
                              "value": "2.50",
                              "stop": "False"
                            }
                          ]
                        },
                        {
                          "type": "total",
                          "name": "109.5",
                          "ismain": "False",
                          "stop": "False",
                          "odds": [
                            {
                              "name": "Over",
                              "value": "2.20",
                              "stop": "False"
                            },
                            {
                              "name": "Under",
                              "value": "1.61",
                              "stop": "False"
                            }
                          ]
                        },
                        {
                          "type": "total",
                          "name": "114.5",
                          "ismain": "False",
                          "stop": "False",
                          "odds": [
                            {
                              "name": "Over",
                              "value": "2.62",
                              "stop": "False"
                            },
                            {
                              "name": "Under",
                              "value": "1.44",
                              "stop": "False"
                            }
                          ]
                        },
                        {
                          "type": "total",
                          "name": "99.5",
                          "ismain": "False",
                          "stop": "False",
                          "odds": [
                            {
                              "name": "Over",
                              "value": "1.66",
                              "stop": "False"
                            },
                            {
                              "name": "Under",
                              "value": "2.10",
                              "stop": "False"
                            }
                          ]
                        },
                        {
                          "type": "total",
                          "name": "104.5",
                          "ismain": "True",
                          "stop": "False",
                          "odds": [
                            {
                              "name": "Over",
                              "value": "1.83",
                              "stop": "False"
                            },
                            {
                              "name": "Under",
                              "value": "1.83",
                              "stop": "False"
                            }
                          ]
                        }
                      ]
                    }
                  ]
                },
                {
                  "id": "12",
                  "value": "HT/FT Double",
                  "stop": "false",
                  "bookmakers": [
                    {
                      "id": "16",
                      "name": "bet365",
                      "stop": "False",
                      "ts": "1757777792",
                      "odds": [
                        {
                          "name": "Xingtong Chen/Drawingtong Chen",
                          "value": "4.00",
                          "stop": "False"
                        },
                        {
                          "name": "Manyu Wang/Drawingtong Chen",
                          "value": "7.50",
                          "stop": "False"
                        },
                        {
                          "name": "Xingtong Chen/Manyu Wang",
                          "value": "4.33",
                          "stop": "False"
                        },
                        {
                          "name": "Manyu Wang/Manyu Wang",
                          "value": "1.90",
                          "stop": "False"
                        }
                      ]
                    }
                  ]
                },
                {
                  "id": "181",
                  "value": "Correct Score 1st Half",
                  "stop": "false",
                  "bookmakers": [
                    {
                      "id": "16",
                      "name": "bet365",
                      "stop": "False",
                      "ts": "1757766167",
                      "odds": [
                        {
                          "name": "11:9",
                          "value": "10.00",
                          "stop": "False"
                        },
                        {
                          "name": "9:11",
                          "value": "8.50",
                          "stop": "False"
                        },
                        {
                          "name": "11:8",
                          "value": "11.00",
                          "stop": "False"
                        },
                        {
                          "name": "8:11",
                          "value": "8.50",
                          "stop": "False"
                        },
                        {
                          "name": "11:7",
                          "value": "13.00",
                          "stop": "False"
                        },
                        {
                          "name": "7:11",
                          "value": "9.50",
                          "stop": "False"
                        },
                        {
                          "name": "11:6",
                          "value": "17.00",
                          "stop": "False"
                        },
                        {
                          "name": "6:11",
                          "value": "11.00",
                          "stop": "False"
                        },
                        {
                          "name": "11:5",
                          "value": "21.00",
                          "stop": "False"
                        },
                        {
                          "name": "5:11",
                          "value": "13.00",
                          "stop": "False"
                        },
                        {
                          "name": "11:4",
                          "value": "29.00",
                          "stop": "False"
                        },
                        {
                          "name": "4:11",
                          "value": "17.00",
                          "stop": "False"
                        },
                        {
                          "name": "11:3",
                          "value": "26.00",
                          "stop": "False"
                        },
                        {
                          "name": "3:11",
                          "value": "15.00",
                          "stop": "False"
                        }
                      ]
                    }
                  ]
                },
                {
                  "id": "22124",
                  "value": "Total - Home",
                  "stop": "false",
                  "bookmakers": [
                    {
                      "id": "16",
                      "name": "bet365",
                      "stop": "False",
                      "ts": "1757780943",
                      "odds": [
                        {
                          "type": "total",
                          "name": "50.5",
                          "ismain": "True",
                          "stop": "False",
                          "odds": [
                            {
                              "name": "Over",
                              "value": "1.83",
                              "stop": "False"
                            },
                            {
                              "name": "Under",
                              "value": "1.83",
                              "stop": "False"
                            }
                          ]
                        }
                      ]
                    }
                  ]
                },
                {
                  "id": "22125",
                  "value": "Total - Away",
                  "stop": "false",
                  "bookmakers": [
                    {
                      "id": "16",
                      "name": "bet365",
                      "stop": "False",
                      "ts": "1757780943",
                      "odds": [
                        {
                          "type": "total",
                          "name": "54.5",
                          "ismain": "True",
                          "stop": "False",
                          "odds": [
                            {
                              "name": "Over",
                              "value": "1.83",
                              "stop": "False"
                            },
                            {
                              "name": "Under",
                              "value": "1.83",
                              "stop": "False"
                            }
                          ]
                        }
                      ]
                    }
                  ]
                },
                {
                  "id": "22621",
                  "value": "Result/Total Goals",
                  "stop": "false",
                  "bookmakers": [
                    {
                      "id": "16",
                      "name": "bet365",
                      "stop": "False",
                      "ts": "1757763631",
                      "odds": [
                        {
                          "type": "total",
                          "name": "104.5",
                          "ismain": "False",
                          "stop": "False",
                          "odds": [
                            {
                              "name": "Home/Over",
                              "value": "4.75",
                              "stop": "False"
                            },
                            {
                              "name": "Away/Over",
                              "value": "2.87",
                              "stop": "False"
                            },
                            {
                              "name": "Home/Under",
                              "value": "6.50",
                              "stop": "False"
                            },
                            {
                              "name": "Away/Under",
                              "value": "2.50",
                              "stop": "False"
                            }
                          ]
                        }
                      ]
                    }
                  ]
                },
                {
                  "id": "22625",
                  "value": "Odd/Even (1st Set)",
                  "stop": "false",
                  "bookmakers": [
                    {
                      "id": "16",
                      "name": "bet365",
                      "stop": "False",
                      "ts": "1757773786",
                      "odds": [
                        {
                          "name": "Odd",
                          "value": "2.50",
                          "stop": "False"
                        },
                        {
                          "name": "Even",
                          "value": "1.50",
                          "stop": "False"
                        }
                      ]
                    }
                  ]
                },
                {
                  "id": "22627",
                  "value": "Over/Under (1st Set)",
                  "stop": "false",
                  "bookmakers": [
                    {
                      "id": "16",
                      "name": "bet365",
                      "stop": "False",
                      "ts": "1757763442",
                      "odds": [
                        {
                          "type": "total",
                          "name": "18.5",
                          "ismain": "True",
                          "stop": "False",
                          "odds": [
                            {
                              "name": "Over",
                              "value": "1.83",
                              "stop": "False"
                            },
                            {
                              "name": "Under",
                              "value": "1.83",
                              "stop": "False"
                            }
                          ]
                        }
                      ]
                    }
                  ]
                },
                {
                  "id": "22628",
                  "value": "Home/Away (1st Set)",
                  "stop": "false",
                  "bookmakers": [
                    {
                      "id": "16",
                      "name": "bet365",
                      "stop": "False",
                      "ts": "1757763442",
                      "odds": [
                        {
                          "name": "Home",
                          "value": "2.20",
                          "stop": "False"
                        },
                        {
                          "name": "Away",
                          "value": "1.61",
                          "stop": "False"
                        }
                      ]
                    }
                  ]
                },
                {
                  "id": "22629",
                  "value": "Asian Handicap (1st Set)",
                  "stop": "false",
                  "bookmakers": [
                    {
                      "id": "16",
                      "name": "bet365",
                      "stop": "False",
                      "ts": "1757763442",
                      "odds": [
                        {
                          "type": "handicap",
                          "name": "+2.5",
                          "ismain": "True",
                          "stop": "False",
                          "odds": [
                            {
                              "name": "Home",
                              "value": "1.57",
                              "stop": "False"
                            },
                            {
                              "name": "Away",
                              "value": "2.25",
                              "stop": "False"
                            }
                          ]
                        }
                      ]
                    }
                  ]
                },
                {
                  "id": "22630",
                  "value": "Asian Handicap (Sets)",
                  "stop": "false",
                  "bookmakers": [
                    {
                      "id": "16",
                      "name": "bet365",
                      "stop": "False",
                      "ts": "1757763442",
                      "odds": [
                        {
                          "type": "handicap",
                          "name": "-1.5",
                          "ismain": "False",
                          "stop": "False",
                          "odds": [
                            {
                              "name": "Home",
                              "value": "4.00",
                              "stop": "False"
                            }
                          ]
                        },
                        {
                          "type": "handicap",
                          "name": "+1.5",
                          "ismain": "True",
                          "stop": "False",
                          "odds": [
                            {
                              "name": "Home",
                              "value": "1.90",
                              "stop": "False"
                            },
                            {
                              "name": "Away",
                              "value": "1.80",
                              "stop": "False"
                            }
                          ]
                        },
                        {
                          "type": "handicap",
                          "name": "-2.5",
                          "ismain": "False",
                          "stop": "False",
                          "odds": [
                            {
                              "name": "Away",
                              "value": "2.62",
                              "stop": "False"
                            }
                          ]
                        },
                        {
                          "type": "handicap",
                          "name": "+2.5",
                          "ismain": "False",
                          "stop": "False",
                          "odds": [
                            {
                              "name": "Home",
                              "value": "1.44",
                              "stop": "False"
                            }
                          ]
                        }
                      ]
                    }
                  ]
                },
                {
                  "id": "22632",
                  "value": "Set Betting",
                  "stop": "false",
                  "bookmakers": [
                    {
                      "id": "16",
                      "name": "bet365",
                      "stop": "False",
                      "ts": "1757763442",
                      "odds": [
                        {
                          "name": "4:0",
                          "value": "15.00",
                          "stop": "False"
                        },
                        {
                          "name": "4:1",
                          "value": "11.00",
                          "stop": "False"
                        },
                        {
                          "name": "0:4",
                          "value": "5.50",
                          "stop": "False"
                        },
                        {
                          "name": "1:4",
                          "value": "4.50",
                          "stop": "False"
                        },
                        {
                          "name": "2:4",
                          "value": "4.50",
                          "stop": "False"
                        },
                        {
                          "name": "4:2",
                          "value": "9.00",
                          "stop": "False"
                        },
                        {
                          "name": "3:4",
                          "value": "5.50",
                          "stop": "False"
                        },
                        {
                          "name": "4:3",
                          "value": "8.00",
                          "stop": "False"
                        }
                      ]
                    }
                  ]
                },
                {
                  "id": "23110",
                  "value": "Extra Point (1st Set)",
                  "stop": "false",
                  "bookmakers": [
                    {
                      "id": "16",
                      "name": "bet365",
                      "stop": "False",
                      "ts": "1757779850",
                      "odds": [
                        {
                          "name": "Yes",
                          "value": "5.00",
                          "stop": "False"
                        },
                        {
                          "name": "No",
                          "value": "1.14",
                          "stop": "False"
                        }
                      ]
                    }
                  ]
                },
                {
                  "id": "23522",
                  "value": "Home Winning Margin (1st Set)",
                  "stop": "false",
                  "bookmakers": [
                    {
                      "id": "16",
                      "name": "bet365",
                      "stop": "False",
                      "ts": "1757769227",
                      "odds": [
                        {
                          "name": "3-4",
                          "value": "6.50",
                          "stop": "False"
                        },
                        {
                          "name": "5+",
                          "value": "6.50",
                          "stop": "False"
                        },
                        {
                          "name": "Away",
                          "value": "5.50",
                          "stop": "False"
                        }
                      ]
                    }
                  ]
                },
                {
                  "id": "23523",
                  "value": "Away Winning Margin (1st Set)",
                  "stop": "false",
                  "bookmakers": [
                    {
                      "id": "16",
                      "name": "bet365",
                      "stop": "False",
                      "ts": "1757769227",
                      "odds": [
                        {
                          "name": "3-4",
                          "value": "4.75",
                          "stop": "False"
                        },
                        {
                          "name": "5+",
                          "value": "3.75",
                          "stop": "False"
                        },
                        {
                          "name": "Away",
                          "value": "4.75",
                          "stop": "False"
                        }
                      ]
                    }
                  ]
                }
              ]
            },
            {
              "id": "2541030",
              "tb": "false",
              "time": "04:45",
              "formatted_date": "14.09.2025",
              "status": "Not Started",
              "player_1": {
                "id": "113723",
                "name": "Y. Sun",
                "winner": "false",
                "totalscore": "",
                "s5": "",
                "s4": "",
                "s3": "",
                "s2": "",
                "s1": "",
                "game_score": "",
                "serve": "false"
              },
              "player_2": {
                "id": "141334",
                "name": "M. Kuai",
                "winner": "false",
                "totalscore": "",
                "s5": "",
                "s4": "",
                "s3": "",
                "s2": "",
                "s1": "",
                "game_score": "",
                "serve": "false"
              },
              "odds": [
                {
                  "id": "2",
                  "value": "Home/Away",
                  "stop": "false",
                  "bookmakers": [
                    {
                      "id": "16",
                      "name": "bet365",
                      "stop": "False",
                      "ts": "1757763442",
                      "odds": [
                        {
                          "name": "Home",
                          "value": "1.14",
                          "stop": "False"
                        },
                        {
                          "name": "Away",
                          "value": "5.00",
                          "stop": "False"
                        }
                      ]
                    }
                  ]
                },
                {
                  "id": "4",
                  "value": "Asian Handicap",
                  "stop": "false",
                  "bookmakers": [
                    {
                      "id": "16",
                      "name": "bet365",
                      "stop": "False",
                      "ts": "1757763442",
                      "odds": [
                        {
                          "type": "handicap",
                          "name": "-2.5",
                          "ismain": "False",
                          "stop": "False",
                          "odds": [
                            {
                              "name": "Home",
                              "value": "1.20",
                              "stop": "False"
                            },
                            {
                              "name": "Away",
                              "value": "4.33",
                              "stop": "False"
                            }
                          ]
                        },
                        {
                          "type": "handicap",
                          "name": "-22.5",
                          "ismain": "False",
                          "stop": "False",
                          "odds": [
                            {
                              "name": "Home",
                              "value": "9.00",
                              "stop": "False"
                            },
                            {
                              "name": "Away",
                              "value": "1.04",
                              "stop": "False"
                            }
                          ]
                        },
                        {
                          "type": "handicap",
                          "name": "-17.5",
                          "ismain": "False",
                          "stop": "False",
                          "odds": [
                            {
                              "name": "Home",
                              "value": "4.00",
                              "stop": "False"
                            },
                            {
                              "name": "Away",
                              "value": "1.22",
                              "stop": "False"
                            }
                          ]
                        },
                        {
                          "type": "handicap",
                          "name": "-12.5",
                          "ismain": "True",
                          "stop": "False",
                          "odds": [
                            {
                              "name": "Home",
                              "value": "1.90",
                              "stop": "False"
                            },
                            {
                              "name": "Away",
                              "value": "1.80",
                              "stop": "False"
                            }
                          ]
                        },
                        {
                          "type": "handicap",
                          "name": "-7.5",
                          "ismain": "False",
                          "stop": "False",
                          "odds": [
                            {
                              "name": "Home",
                              "value": "1.36",
                              "stop": "False"
                            },
                            {
                              "name": "Away",
                              "value": "3.00",
                              "stop": "False"
                            }
                          ]
                        }
                      ]
                    }
                  ]
                },
                {
                  "id": "5",
                  "value": "Over/Under",
                  "stop": "false",
                  "bookmakers": [
                    {
                      "id": "16",
                      "name": "bet365",
                      "stop": "False",
                      "ts": "1757763442",
                      "odds": [
                        {
                          "type": "total",
                          "name": "84.5",
                          "ismain": "False",
                          "stop": "False",
                          "odds": [
                            {
                              "name": "Over",
                              "value": "1.40",
                              "stop": "False"
                            },
                            {
                              "name": "Under",
                              "value": "2.75",
                              "stop": "False"
                            }
                          ]
                        },
                        {
                          "type": "total",
                          "name": "89.5",
                          "ismain": "False",
                          "stop": "False",
                          "odds": [
                            {
                              "name": "Over",
                              "value": "1.57",
                              "stop": "False"
                            },
                            {
                              "name": "Under",
                              "value": "2.25",
                              "stop": "False"
                            }
                          ]
                        },
                        {
                          "type": "total",
                          "name": "94.5",
                          "ismain": "True",
                          "stop": "False",
                          "odds": [
                            {
                              "name": "Over",
                              "value": "1.83",
                              "stop": "False"
                            },
                            {
                              "name": "Under",
                              "value": "1.83",
                              "stop": "False"
                            }
                          ]
                        },
                        {
                          "type": "total",
                          "name": "99.5",
                          "ismain": "False",
                          "stop": "False",
                          "odds": [
                            {
                              "name": "Over",
                              "value": "2.10",
                              "stop": "False"
                            },
                            {
                              "name": "Under",
                              "value": "1.66",
                              "stop": "False"
                            }
                          ]
                        },
                        {
                          "type": "total",
                          "name": "104.5",
                          "ismain": "False",
                          "stop": "False",
                          "odds": [
                            {
                              "name": "Over",
                              "value": "2.50",
                              "stop": "False"
                            },
                            {
                              "name": "Under",
                              "value": "1.50",
                              "stop": "False"
                            }
                          ]
                        }
                      ]
                    }
                  ]
                },
                {
                  "id": "12",
                  "value": "HT/FT Double",
                  "stop": "false",
                  "bookmakers": [
                    {
                      "id": "16",
                      "name": "bet365",
                      "stop": "True",
                      "ts": "1757781473",
                      "odds": [
                        {
                          "name": "Man Kuai/Man Kuai",
                          "value": "7.00",
                          "stop": "True"
                        },
                        {
                          "name": "Yingsha Sun/Yingsha Sun",
                          "value": "1.50",
                          "stop": "True"
                        },
                        {
                          "name": "Yingsha Sun/Man Kuai",
                          "value": "13.00",
                          "stop": "True"
                        },
                        {
                          "name": "Man Kuai/Yingsha Sun",
                          "value": "4.33",
                          "stop": "True"
                        }
                      ]
                    }
                  ]
                },
                {
                  "id": "181",
                  "value": "Correct Score 1st Half",
                  "stop": "false",
                  "bookmakers": [
                    {
                      "id": "16",
                      "name": "bet365",
                      "stop": "False",
                      "ts": "1757782573",
                      "odds": [
                        {
                          "name": "11:9",
                          "value": "8.50",
                          "stop": "False"
                        },
                        {
                          "name": "9:11",
                          "value": "13.00",
                          "stop": "False"
                        },
                        {
                          "name": "11:8",
                          "value": "8.00",
                          "stop": "False"
                        },
                        {
                          "name": "8:11",
                          "value": "15.00",
                          "stop": "False"
                        },
                        {
                          "name": "11:7",
                          "value": "8.00",
                          "stop": "False"
                        },
                        {
                          "name": "7:11",
                          "value": "17.00",
                          "stop": "False"
                        },
                        {
                          "name": "11:6",
                          "value": "8.50",
                          "stop": "False"
                        },
                        {
                          "name": "6:11",
                          "value": "21.00",
                          "stop": "False"
                        },
                        {
                          "name": "11:5",
                          "value": "10.00",
                          "stop": "False"
                        },
                        {
                          "name": "5:11",
                          "value": "29.00",
                          "stop": "False"
                        },
                        {
                          "name": "11:4",
                          "value": "13.00",
                          "stop": "False"
                        },
                        {
                          "name": "4:11",
                          "value": "41.00",
                          "stop": "False"
                        },
                        {
                          "name": "11:3",
                          "value": "10.00",
                          "stop": "False"
                        },
                        {
                          "name": "3:11",
                          "value": "41.00",
                          "stop": "False"
                        }
                      ]
                    }
                  ]
                },
                {
                  "id": "22124",
                  "value": "Total - Home",
                  "stop": "false",
                  "bookmakers": [
                    {
                      "id": "16",
                      "name": "bet365",
                      "stop": "False",
                      "ts": "1757776868",
                      "odds": [
                        {
                          "type": "total",
                          "name": "53.5",
                          "ismain": "True",
                          "stop": "False",
                          "odds": [
                            {
                              "name": "Over",
                              "value": "1.90",
                              "stop": "False"
                            },
                            {
                              "name": "Under",
                              "value": "1.80",
                              "stop": "False"
                            }
                          ]
                        }
                      ]
                    }
                  ]
                },
                {
                  "id": "22125",
                  "value": "Total - Away",
                  "stop": "false",
                  "bookmakers": [
                    {
                      "id": "16",
                      "name": "bet365",
                      "stop": "False",
                      "ts": "1757776868",
                      "odds": [
                        {
                          "type": "total",
                          "name": "43.5",
                          "ismain": "True",
                          "stop": "False",
                          "odds": [
                            {
                              "name": "Over",
                              "value": "1.83",
                              "stop": "False"
                            },
                            {
                              "name": "Under",
                              "value": "1.83",
                              "stop": "False"
                            }
                          ]
                        }
                      ]
                    }
                  ]
                },
                {
                  "id": "22608",
                  "value": "Odd/Even",
                  "stop": "false",
                  "bookmakers": [
                    {
                      "id": "16",
                      "name": "bet365",
                      "stop": "False",
                      "ts": "1757775677",
                      "odds": [
                        {
                          "name": "Odd",
                          "value": "1.83",
                          "stop": "False"
                        },
                        {
                          "name": "Even",
                          "value": "1.83",
                          "stop": "False"
                        }
                      ]
                    }
                  ]
                },
                {
                  "id": "22621",
                  "value": "Result/Total Goals",
                  "stop": "false",
                  "bookmakers": [
                    {
                      "id": "16",
                      "name": "bet365",
                      "stop": "False",
                      "ts": "1757765670",
                      "odds": [
                        {
                          "type": "total",
                          "name": "94.5",
                          "ismain": "False",
                          "stop": "False",
                          "odds": [
                            {
                              "name": "Home/Over",
                              "value": "2.30",
                              "stop": "False"
                            },
                            {
                              "name": "Away/Over",
                              "value": "7.00",
                              "stop": "False"
                            },
                            {
                              "name": "Home/Under",
                              "value": "2.05",
                              "stop": "False"
                            },
                            {
                              "name": "Away/Under",
                              "value": "17.00",
                              "stop": "False"
                            }
                          ]
                        }
                      ]
                    }
                  ]
                },
                {
                  "id": "22625",
                  "value": "Odd/Even (1st Set)",
                  "stop": "false",
                  "bookmakers": [
                    {
                      "id": "16",
                      "name": "bet365",
                      "stop": "False",
                      "ts": "1757781473",
                      "odds": [
                        {
                          "name": "Odd",
                          "value": "2.37",
                          "stop": "False"
                        },
                        {
                          "name": "Even",
                          "value": "1.53",
                          "stop": "False"
                        }
                      ]
                    }
                  ]
                },
                {
                  "id": "22627",
                  "value": "Over/Under (1st Set)",
                  "stop": "false",
                  "bookmakers": [
                    {
                      "id": "16",
                      "name": "bet365",
                      "stop": "False",
                      "ts": "1757763442",
                      "odds": [
                        {
                          "type": "total",
                          "name": "18.5",
                          "ismain": "True",
                          "stop": "False",
                          "odds": [
                            {
                              "name": "Over",
                              "value": "2.00",
                              "stop": "False"
                            },
                            {
                              "name": "Under",
                              "value": "1.72",
                              "stop": "False"
                            }
                          ]
                        }
                      ]
                    }
                  ]
                },
                {
                  "id": "22628",
                  "value": "Home/Away (1st Set)",
                  "stop": "false",
                  "bookmakers": [
                    {
                      "id": "16",
                      "name": "bet365",
                      "stop": "False",
                      "ts": "1757763442",
                      "odds": [
                        {
                          "name": "Home",
                          "value": "1.36",
                          "stop": "False"
                        },
                        {
                          "name": "Away",
                          "value": "3.00",
                          "stop": "False"
                        }
                      ]
                    }
                  ]
                },
                {
                  "id": "22629",
                  "value": "Asian Handicap (1st Set)",
                  "stop": "false",
                  "bookmakers": [
                    {
                      "id": "16",
                      "name": "bet365",
                      "stop": "False",
                      "ts": "1757763442",
                      "odds": [
                        {
                          "type": "handicap",
                          "name": "-2.5",
                          "ismain": "True",
                          "stop": "False",
                          "odds": [
                            {
                              "name": "Home",
                              "value": "1.83",
                              "stop": "False"
                            },
                            {
                              "name": "Away",
                              "value": "1.83",
                              "stop": "False"
                            }
                          ]
                        }
                      ]
                    }
                  ]
                },
                {
                  "id": "22630",
                  "value": "Asian Handicap (Sets)",
                  "stop": "false",
                  "bookmakers": [
                    {
                      "id": "16",
                      "name": "bet365",
                      "stop": "False",
                      "ts": "1757763442",
                      "odds": [
                        {
                          "type": "handicap",
                          "name": "-1.5",
                          "ismain": "False",
                          "stop": "False",
                          "odds": [
                            {
                              "name": "Home",
                              "value": "1.33",
                              "stop": "False"
                            }
                          ]
                        },
                        {
                          "type": "handicap",
                          "name": "+1.5",
                          "ismain": "False",
                          "stop": "False",
                          "odds": [
                            {
                              "name": "Away",
                              "value": "3.25",
                              "stop": "False"
                            }
                          ]
                        },
                        {
                          "type": "handicap",
                          "name": "-2.5",
                          "ismain": "True",
                          "stop": "False",
                          "odds": [
                            {
                              "name": "Home",
                              "value": "1.80",
                              "stop": "False"
                            },
                            {
                              "name": "Away",
                              "value": "1.90",
                              "stop": "False"
                            }
                          ]
                        },
                        {
                          "type": "handicap",
                          "name": "-3.5",
                          "ismain": "False",
                          "stop": "False",
                          "odds": [
                            {
                              "name": "Home",
                              "value": "3.50",
                              "stop": "False"
                            }
                          ]
                        },
                        {
                          "type": "handicap",
                          "name": "+3.5",
                          "ismain": "False",
                          "stop": "False",
                          "odds": [
                            {
                              "name": "Away",
                              "value": "1.28",
                              "stop": "False"
                            }
                          ]
                        }
                      ]
                    }
                  ]
                },
                {
                  "id": "22632",
                  "value": "Set Betting",
                  "stop": "false",
                  "bookmakers": [
                    {
                      "id": "16",
                      "name": "bet365",
                      "stop": "False",
                      "ts": "1757763442",
                      "odds": [
                        {
                          "name": "4:0",
                          "value": "3.50",
                          "stop": "False"
                        },
                        {
                          "name": "4:1",
                          "value": "3.20",
                          "stop": "False"
                        },
                        {
                          "name": "0:4",
                          "value": "26.00",
                          "stop": "False"
                        },
                        {
                          "name": "1:4",
                          "value": "19.00",
                          "stop": "False"
                        },
                        {
                          "name": "2:4",
                          "value": "15.00",
                          "stop": "False"
                        },
                        {
                          "name": "4:2",
                          "value": "4.33",
                          "stop": "False"
                        },
                        {
                          "name": "3:4",
                          "value": "13.00",
                          "stop": "False"
                        },
                        {
                          "name": "4:3",
                          "value": "7.00",
                          "stop": "False"
                        }
                      ]
                    }
                  ]
                },
                {
                  "id": "23110",
                  "value": "Extra Point (1st Set)",
                  "stop": "false",
                  "bookmakers": [
                    {
                      "id": "16",
                      "name": "bet365",
                      "stop": "False",
                      "ts": "1757767950",
                      "odds": [
                        {
                          "name": "Yes",
                          "value": "5.50",
                          "stop": "False"
                        },
                        {
                          "name": "No",
                          "value": "1.12",
                          "stop": "False"
                        }
                      ]
                    }
                  ]
                },
                {
                  "id": "23522",
                  "value": "Home Winning Margin (1st Set)",
                  "stop": "false",
                  "bookmakers": [
                    {
                      "id": "16",
                      "name": "bet365",
                      "stop": "False",
                      "ts": "1757770848",
                      "odds": [
                        {
                          "name": "3-4",
                          "value": "4.33",
                          "stop": "False"
                        },
                        {
                          "name": "5+",
                          "value": "2.87",
                          "stop": "False"
                        },
                        {
                          "name": "Away",
                          "value": "4.50",
                          "stop": "False"
                        }
                      ]
                    }
                  ]
                },
                {
                  "id": "23523",
                  "value": "Away Winning Margin (1st Set)",
                  "stop": "false",
                  "bookmakers": [
                    {
                      "id": "16",
                      "name": "bet365",
                      "stop": "False",
                      "ts": "1757770848",
                      "odds": [
                        {
                          "name": "3-4",
                          "value": "8.50",
                          "stop": "False"
                        },
                        {
                          "name": "5+",
                          "value": "9.00",
                          "stop": "False"
                        },
                        {
                          "name": "Away",
                          "value": "7.00",
                          "stop": "False"
                        }
                      ]
                    }
                  ]
                }
              ]
            }
          ]
        },
        {
          "name": "Others - Men: Wtt Champions Macao (Macao)",
          "gid": "47649",
          "id": "47649",
          "matches": [
            {
              "id": "2541039",
              "tb": "false",
              "time": "06:15",
              "formatted_date": "14.09.2025",
              "status": "Not Started",
              "player_1": {
                "id": "135213",
                "name": "A. Lind",
                "winner": "false",
                "totalscore": "",
                "s5": "",
                "s4": "",
                "s3": "",
                "s2": "",
                "s1": "",
                "game_score": "",
                "serve": "false"
              },
              "player_2": {
                "id": "113956",
                "name": "H. Calderano",
                "winner": "false",
                "totalscore": "",
                "s5": "",
                "s4": "",
                "s3": "",
                "s2": "",
                "s1": "",
                "game_score": "",
                "serve": "false"
              },
              "odds": [
                {
                  "id": "2",
                  "value": "Home/Away",
                  "stop": "false",
                  "bookmakers": [
                    {
                      "id": "16",
                      "name": "bet365",
                      "stop": "False",
                      "ts": "1757763442",
                      "odds": [
                        {
                          "name": "Home",
                          "value": "3.75",
                          "stop": "False"
                        },
                        {
                          "name": "Away",
                          "value": "1.25",
                          "stop": "False"
                        }
                      ]
                    }
                  ]
                },
                {
                  "id": "4",
                  "value": "Asian Handicap",
                  "stop": "false",
                  "bookmakers": [
                    {
                      "id": "16",
                      "name": "bet365",
                      "stop": "False",
                      "ts": "1757763442",
                      "odds": [
                        {
                          "type": "handicap",
                          "name": "-0.5",
                          "ismain": "False",
                          "stop": "False",
                          "odds": [
                            {
                              "name": "Home",
                              "value": "4.00",
                              "stop": "False"
                            },
                            {
                              "name": "Away",
                              "value": "1.22",
                              "stop": "False"
                            }
                          ]
                        },
                        {
                          "type": "handicap",
                          "name": "+4.5",
                          "ismain": "False",
                          "stop": "False",
                          "odds": [
                            {
                              "name": "Home",
                              "value": "2.75",
                              "stop": "False"
                            },
                            {
                              "name": "Away",
                              "value": "1.40",
                              "stop": "False"
                            }
                          ]
                        },
                        {
                          "type": "handicap",
                          "name": "+9.5",
                          "ismain": "True",
                          "stop": "False",
                          "odds": [
                            {
                              "name": "Home",
                              "value": "1.83",
                              "stop": "False"
                            },
                            {
                              "name": "Away",
                              "value": "1.83",
                              "stop": "False"
                            }
                          ]
                        },
                        {
                          "type": "handicap",
                          "name": "+14.5",
                          "ismain": "False",
                          "stop": "False",
                          "odds": [
                            {
                              "name": "Home",
                              "value": "1.33",
                              "stop": "False"
                            },
                            {
                              "name": "Away",
                              "value": "3.25",
                              "stop": "False"
                            }
                          ]
                        },
                        {
                          "type": "handicap",
                          "name": "+19.5",
                          "ismain": "False",
                          "stop": "False",
                          "odds": [
                            {
                              "name": "Home",
                              "value": "1.07",
                              "stop": "False"
                            },
                            {
                              "name": "Away",
                              "value": "7.50",
                              "stop": "False"
                            }
                          ]
                        }
                      ]
                    }
                  ]
                },
                {
                  "id": "5",
                  "value": "Over/Under",
                  "stop": "false",
                  "bookmakers": [
                    {
                      "id": "16",
                      "name": "bet365",
                      "stop": "False",
                      "ts": "1757763442",
                      "odds": [
                        {
                          "type": "total",
                          "name": "90.5",
                          "ismain": "False",
                          "stop": "False",
                          "odds": [
                            {
                              "name": "Over",
                              "value": "1.44",
                              "stop": "False"
                            },
                            {
                              "name": "Under",
                              "value": "2.62",
                              "stop": "False"
                            }
                          ]
                        },
                        {
                          "type": "total",
                          "name": "95.5",
                          "ismain": "False",
                          "stop": "False",
                          "odds": [
                            {
                              "name": "Over",
                              "value": "1.66",
                              "stop": "False"
                            },
                            {
                              "name": "Under",
                              "value": "2.10",
                              "stop": "False"
                            }
                          ]
                        },
                        {
                          "type": "total",
                          "name": "110.5",
                          "ismain": "False",
                          "stop": "False",
                          "odds": [
                            {
                              "name": "Over",
                              "value": "2.62",
                              "stop": "False"
                            },
                            {
                              "name": "Under",
                              "value": "1.44",
                              "stop": "False"
                            }
                          ]
                        },
                        {
                          "type": "total",
                          "name": "105.5",
                          "ismain": "False",
                          "stop": "False",
                          "odds": [
                            {
                              "name": "Over",
                              "value": "2.10",
                              "stop": "False"
                            },
                            {
                              "name": "Under",
                              "value": "1.66",
                              "stop": "False"
                            }
                          ]
                        },
                        {
                          "type": "total",
                          "name": "100.5",
                          "ismain": "True",
                          "stop": "False",
                          "odds": [
                            {
                              "name": "Over",
                              "value": "1.83",
                              "stop": "False"
                            },
                            {
                              "name": "Under",
                              "value": "1.83",
                              "stop": "False"
                            }
                          ]
                        }
                      ]
                    }
                  ]
                },
                {
                  "id": "12",
                  "value": "HT/FT Double",
                  "stop": "false",
                  "bookmakers": [
                    {
                      "id": "16",
                      "name": "bet365",
                      "stop": "False",
                      "ts": "1757766167",
                      "odds": [
                        {
                          "name": "Anders Lind/Hugo Calderano",
                          "value": "4.33",
                          "stop": "False"
                        },
                        {
                          "name": "Hugo Calderano/Anders Lind",
                          "value": "10.00",
                          "stop": "False"
                        },
                        {
                          "name": "Hugo Calderano/Hugo Calderano",
                          "value": "1.66",
                          "stop": "False"
                        },
                        {
                          "name": "Anders Lind/Anders Lind",
                          "value": "5.50",
                          "stop": "False"
                        }
                      ]
                    }
                  ]
                },
                {
                  "id": "181",
                  "value": "Correct Score 1st Half",
                  "stop": "false",
                  "bookmakers": [
                    {
                      "id": "16",
                      "name": "bet365",
                      "stop": "False",
                      "ts": "1757763951",
                      "odds": [
                        {
                          "name": "11:9",
                          "value": "11.00",
                          "stop": "False"
                        },
                        {
                          "name": "9:11",
                          "value": "8.50",
                          "stop": "False"
                        },
                        {
                          "name": "11:8",
                          "value": "13.00",
                          "stop": "False"
                        },
                        {
                          "name": "8:11",
                          "value": "8.50",
                          "stop": "False"
                        },
                        {
                          "name": "11:7",
                          "value": "15.00",
                          "stop": "False"
                        },
                        {
                          "name": "7:11",
                          "value": "8.50",
                          "stop": "False"
                        },
                        {
                          "name": "11:6",
                          "value": "19.00",
                          "stop": "False"
                        },
                        {
                          "name": "6:11",
                          "value": "9.50",
                          "stop": "False"
                        },
                        {
                          "name": "11:5",
                          "value": "23.00",
                          "stop": "False"
                        },
                        {
                          "name": "5:11",
                          "value": "12.00",
                          "stop": "False"
                        },
                        {
                          "name": "11:4",
                          "value": "34.00",
                          "stop": "False"
                        },
                        {
                          "name": "4:11",
                          "value": "15.00",
                          "stop": "False"
                        },
                        {
                          "name": "11:3",
                          "value": "29.00",
                          "stop": "False"
                        },
                        {
                          "name": "3:11",
                          "value": "12.00",
                          "stop": "False"
                        }
                      ]
                    }
                  ]
                },
                {
                  "id": "22124",
                  "value": "Total - Home",
                  "stop": "false",
                  "bookmakers": [
                    {
                      "id": "16",
                      "name": "bet365",
                      "stop": "True",
                      "ts": "1757777984",
                      "odds": [
                        {
                          "type": "total",
                          "name": "47.5",
                          "ismain": "False",
                          "stop": "True",
                          "odds": [
                            {
                              "name": "Over",
                              "value": "1.83",
                              "stop": "True"
                            },
                            {
                              "name": "Under",
                              "value": "1.83",
                              "stop": "True"
                            }
                          ]
                        }
                      ]
                    }
                  ]
                },
                {
                  "id": "22125",
                  "value": "Total - Away",
                  "stop": "false",
                  "bookmakers": [
                    {
                      "id": "16",
                      "name": "bet365",
                      "stop": "True",
                      "ts": "1757777984",
                      "odds": [
                        {
                          "type": "total",
                          "name": "54.5",
                          "ismain": "False",
                          "stop": "True",
                          "odds": [
                            {
                              "name": "Over",
                              "value": "1.90",
                              "stop": "True"
                            },
                            {
                              "name": "Under",
                              "value": "1.80",
                              "stop": "True"
                            }
                          ]
                        }
                      ]
                    }
                  ]
                },
                {
                  "id": "22608",
                  "value": "Odd/Even",
                  "stop": "false",
                  "bookmakers": [
                    {
                      "id": "16",
                      "name": "bet365",
                      "stop": "False",
                      "ts": "1757777984",
                      "odds": [
                        {
                          "name": "Odd",
                          "value": "1.83",
                          "stop": "False"
                        },
                        {
                          "name": "Even",
                          "value": "1.83",
                          "stop": "False"
                        }
                      ]
                    }
                  ]
                },
                {
                  "id": "22621",
                  "value": "Result/Total Goals",
                  "stop": "false",
                  "bookmakers": [
                    {
                      "id": "16",
                      "name": "bet365",
                      "stop": "False",
                      "ts": "1757782318",
                      "odds": [
                        {
                          "type": "total",
                          "name": "100.5",
                          "ismain": "False",
                          "stop": "False",
                          "odds": [
                            {
                              "name": "Home/Over",
                              "value": "5.50",
                              "stop": "False"
                            },
                            {
                              "name": "Away/Over",
                              "value": "2.60",
                              "stop": "False"
                            },
                            {
                              "name": "Home/Under",
                              "value": "9.50",
                              "stop": "False"
                            },
                            {
                              "name": "Away/Under",
                              "value": "2.20",
                              "stop": "False"
                            }
                          ]
                        }
                      ]
                    }
                  ]
                },
                {
                  "id": "22625",
                  "value": "Odd/Even (1st Set)",
                  "stop": "false",
                  "bookmakers": [
                    {
                      "id": "16",
                      "name": "bet365",
                      "stop": "False",
                      "ts": "1757778581",
                      "odds": [
                        {
                          "name": "Odd",
                          "value": "2.37",
                          "stop": "False"
                        },
                        {
                          "name": "Even",
                          "value": "1.53",
                          "stop": "False"
                        }
                      ]
                    }
                  ]
                },
                {
                  "id": "22627",
                  "value": "Over/Under (1st Set)",
                  "stop": "false",
                  "bookmakers": [
                    {
                      "id": "16",
                      "name": "bet365",
                      "stop": "False",
                      "ts": "1757763442",
                      "odds": [
                        {
                          "type": "total",
                          "name": "18.5",
                          "ismain": "True",
                          "stop": "False",
                          "odds": [
                            {
                              "name": "Over",
                              "value": "1.90",
                              "stop": "False"
                            },
                            {
                              "name": "Under",
                              "value": "1.80",
                              "stop": "False"
                            }
                          ]
                        }
                      ]
                    }
                  ]
                },
                {
                  "id": "22628",
                  "value": "Home/Away (1st Set)",
                  "stop": "false",
                  "bookmakers": [
                    {
                      "id": "16",
                      "name": "bet365",
                      "stop": "False",
                      "ts": "1757763442",
                      "odds": [
                        {
                          "name": "Home",
                          "value": "2.50",
                          "stop": "False"
                        },
                        {
                          "name": "Away",
                          "value": "1.50",
                          "stop": "False"
                        }
                      ]
                    }
                  ]
                },
                {
                  "id": "22629",
                  "value": "Asian Handicap (1st Set)",
                  "stop": "false",
                  "bookmakers": [
                    {
                      "id": "16",
                      "name": "bet365",
                      "stop": "False",
                      "ts": "1757763442",
                      "odds": [
                        {
                          "type": "handicap",
                          "name": "+2.5",
                          "ismain": "True",
                          "stop": "False",
                          "odds": [
                            {
                              "name": "Home",
                              "value": "1.72",
                              "stop": "False"
                            },
                            {
                              "name": "Away",
                              "value": "2.00",
                              "stop": "False"
                            }
                          ]
                        }
                      ]
                    }
                  ]
                },
                {
                  "id": "22630",
                  "value": "Asian Handicap (Sets)",
                  "stop": "false",
                  "bookmakers": [
                    {
                      "id": "16",
                      "name": "bet365",
                      "stop": "False",
                      "ts": "1757763442",
                      "odds": [
                        {
                          "type": "handicap",
                          "name": "-1.5",
                          "ismain": "False",
                          "stop": "False",
                          "odds": [
                            {
                              "name": "Away",
                              "value": "1.50",
                              "stop": "False"
                            }
                          ]
                        },
                        {
                          "type": "handicap",
                          "name": "+1.5",
                          "ismain": "False",
                          "stop": "False",
                          "odds": [
                            {
                              "name": "Home",
                              "value": "2.50",
                              "stop": "False"
                            }
                          ]
                        },
                        {
                          "type": "handicap",
                          "name": "+2.5",
                          "ismain": "True",
                          "stop": "False",
                          "odds": [
                            {
                              "name": "Home",
                              "value": "1.61",
                              "stop": "False"
                            },
                            {
                              "name": "Away",
                              "value": "2.20",
                              "stop": "False"
                            }
                          ]
                        },
                        {
                          "type": "handicap",
                          "name": "-3.5",
                          "ismain": "False",
                          "stop": "False",
                          "odds": [
                            {
                              "name": "Away",
                              "value": "4.33",
                              "stop": "False"
                            }
                          ]
                        },
                        {
                          "type": "handicap",
                          "name": "+3.5",
                          "ismain": "False",
                          "stop": "False",
                          "odds": [
                            {
                              "name": "Home",
                              "value": "1.20",
                              "stop": "False"
                            }
                          ]
                        }
                      ]
                    }
                  ]
                },
                {
                  "id": "22632",
                  "value": "Set Betting",
                  "stop": "false",
                  "bookmakers": [
                    {
                      "id": "16",
                      "name": "bet365",
                      "stop": "False",
                      "ts": "1757763442",
                      "odds": [
                        {
                          "name": "4:0",
                          "value": "19.00",
                          "stop": "False"
                        },
                        {
                          "name": "4:1",
                          "value": "15.00",
                          "stop": "False"
                        },
                        {
                          "name": "0:4",
                          "value": "4.33",
                          "stop": "False"
                        },
                        {
                          "name": "1:4",
                          "value": "3.75",
                          "stop": "False"
                        },
                        {
                          "name": "2:4",
                          "value": "4.33",
                          "stop": "False"
                        },
                        {
                          "name": "4:2",
                          "value": "12.00",
                          "stop": "False"
                        },
                        {
                          "name": "3:4",
                          "value": "6.00",
                          "stop": "False"
                        },
                        {
                          "name": "4:3",
                          "value": "10.00",
                          "stop": "False"
                        }
                      ]
                    }
                  ]
                },
                {
                  "id": "23110",
                  "value": "Extra Point (1st Set)",
                  "stop": "false",
                  "bookmakers": [
                    {
                      "id": "16",
                      "name": "bet365",
                      "stop": "True",
                      "ts": "1757781566",
                      "odds": [
                        {
                          "name": "Yes",
                          "value": "5.00",
                          "stop": "True"
                        },
                        {
                          "name": "No",
                          "value": "1.14",
                          "stop": "True"
                        }
                      ]
                    }
                  ]
                },
                {
                  "id": "23522",
                  "value": "Home Winning Margin (1st Set)",
                  "stop": "false",
                  "bookmakers": [
                    {
                      "id": "16",
                      "name": "bet365",
                      "stop": "False",
                      "ts": "1757763951",
                      "odds": [
                        {
                          "name": "3-4",
                          "value": "7.50",
                          "stop": "False"
                        },
                        {
                          "name": "5+",
                          "value": "7.50",
                          "stop": "False"
                        },
                        {
                          "name": "Away",
                          "value": "6.00",
                          "stop": "False"
                        }
                      ]
                    }
                  ]
                },
                {
                  "id": "23523",
                  "value": "Away Winning Margin (1st Set)",
                  "stop": "false",
                  "bookmakers": [
                    {
                      "id": "16",
                      "name": "bet365",
                      "stop": "False",
                      "ts": "1757763951",
                      "odds": [
                        {
                          "name": "3-4",
                          "value": "4.50",
                          "stop": "False"
                        },
                        {
                          "name": "5+",
                          "value": "3.40",
                          "stop": "False"
                        },
                        {
                          "name": "Away",
                          "value": "4.50",
                          "stop": "False"
                        }
                      ]
                    }
                  ]
                }
              ]
            }
          ]
        }
      ]
    }
  }
}