{
  "metadata": {
    "sport": "mma",
    "display_name": "MMA",
    "icon": "🥋",
    "fetch_timestamp": "2025-09-14T08:56:08.883036",
    "date_range": [
      "13.09.2025",
      "15.09.2025"
    ]
  },
  "odds_data": {
    "scores": {
      "sport": "mma",
      "ts": "1757778059",
      "categories": [
        {
          "name": "UFC 320: Noche UFC",
          "gid": "101018",
          "id": "101018",
          "matches": [
            {
              "id": "101021",
              "status": "Not Started",
              "date": "14.09.2025",
              "time": "00:00",
              "localteam": {
                "id": "100011",
                "name": "Jean Silva",
                "winner": "false",
                "reason": "",
                "round": ""
              },
              "awayteam": {
                "id": "97949",
                "name": "Diego Lopes",
                "winner": "false",
                "reason": "",
                "round": ""
              },
              "odds": [
                {
                  "id": "2",
                  "value": "Home/Away",
                  "stop": "False",
                  "bookmakers": [
                    {
                      "id": "16",
                      "name": "bet365",
                      "stop": "False",
                      "ts": "1757778058",
                      "odds": [
                        {
                          "name": "Away",
                          "value": "2.87",
                          "stop": "False"
                        },
                        {
                          "name": "Home",
                          "value": "1.44",
                          "stop": "False"
                        }
                      ]
                    }
                  ]
                },
                {
                  "id": "4",
                  "value": "Asian Handicap",
                  "stop": "False",
                  "bookmakers": [
                    {
                      "id": "16",
                      "name": "bet365",
                      "stop": "False",
                      "ts": "1757778058",
                      "odds": [
                        {
                          "type": "handicap",
                          "name": "+5.5",
                          "ismain": "True",
                          "stop": "False",
                          "odds": [
                            {
                              "name": "Away",
                              "value": "2.20",
                              "stop": "False"
                            },
                            {
                              "name": "Home",
                              "value": "1.61",
                              "stop": "False"
                            }
                          ]
                        }
                      ]
                    }
                  ]
                },
                {
                  "id": "5",
                  "value": "Over/Under",
                  "stop": "False",
                  "bookmakers": [
                    {
                      "id": "16",
                      "name": "bet365",
                      "stop": "False",
                      "ts": "1757749726",
                      "odds": [
                        {
                          "type": "total",
                          "name": "1.5",
                          "ismain": "False",
                          "stop": "False",
                          "odds": [
                            {
                              "name": "Over",
                              "value": "1.27",
                              "stop": "False"
                            },
                            {
                              "name": "Under",
                              "value": "3.60",
                              "stop": "False"
                            }
                          ]
                        },
                        {
                          "type": "total",
                          "name": "2.5",
                          "ismain": "False",
                          "stop": "False",
                          "odds": [
                            {
                              "name": "Over",
                              "value": "1.57",
                              "stop": "False"
                            },
                            {
                              "name": "Under",
                              "value": "2.30",
                              "stop": "False"
                            }
                          ]
                        },
                        {
                          "type": "total",
                          "name": "3.5",
                          "ismain": "True",
                          "stop": "False",
                          "odds": [
                            {
                              "name": "Over",
                              "value": "1.95",
                              "stop": "False"
                            },
                            {
                              "name": "Under",
                              "value": "1.74",
                              "stop": "False"
                            }
                          ]
                        },
                        {
                          "type": "total",
                          "name": "4.5",
                          "ismain": "False",
                          "stop": "False",
                          "odds": [
                            {
                              "name": "Over",
                              "value": "2.55",
                              "stop": "False"
                            },
                            {
                              "name": "Under",
                              "value": "1.47",
                              "stop": "False"
                            }
                          ]
                        }
                      ]
                    }
                  ]
                }
              ]
            },
            {
              "id": "101276",
              "status": "Final",
              "date": "13.09.2025",
              "time": "21:00",
              "localteam": {
                "id": "86619",
                "name": "Amanda Lemos",
                "winner": "false",
                "reason": "",
                "round": ""
              },
              "awayteam": {
                "id": "84864",
                "name": "Tatiana Suarez",
                "winner": "false",
                "reason": "",
                "round": ""
              },
              "odds": [
                {
                  "id": "2",
                  "value": "Home/Away",
                  "stop": "False",
                  "bookmakers": [
                    {
                      "id": "16",
                      "name": "bet365",
                      "stop": "False",
                      "ts": "1757768024",
                      "odds": [
                        {
                          "name": "Away",
                          "value": "1.22",
                          "stop": "False"
                        },
                        {
                          "name": "Home",
                          "value": "4.50",
                          "stop": "False"
                        }
                      ]
                    }
                  ]
                },
                {
                  "id": "4",
                  "value": "Asian Handicap",
                  "stop": "False",
                  "bookmakers": [
                    {
                      "id": "16",
                      "name": "bet365",
                      "stop": "False",
                      "ts": "1757768024",
                      "odds": [
                        {
                          "type": "handicap",
                          "name": "-3.5",
                          "ismain": "True",
                          "stop": "False",
                          "odds": [
                            {
                              "name": "Away",
                              "value": "1.40",
                              "stop": "False"
                            },
                            {
                              "name": "Home",
                              "value": "2.75",
                              "stop": "False"
                            }
                          ]
                        }
                      ]
                    }
                  ]
                },
                {
                  "id": "5",
                  "value": "Over/Under",
                  "stop": "False",
                  "bookmakers": [
                    {
                      "id": "16",
                      "name": "bet365",
                      "stop": "False",
                      "ts": "1757768024",
                      "odds": [
                        {
                          "type": "total",
                          "name": "1.5",
                          "ismain": "False",
                          "stop": "False",
                          "odds": [
                            {
                              "name": "Over",
                              "value": "1.52",
                              "stop": "False"
                            },
                            {
                              "name": "Under",
                              "value": "2.40",
                              "stop": "False"
                            }
                          ]
                        },
                        {
                          "type": "total",
                          "name": "2.5",
                          "ismain": "True",
                          "stop": "False",
                          "odds": [
                            {
                              "name": "Over",
                              "value": "2.00",
                              "stop": "False"
                            },
                            {
                              "name": "Under",
                              "value": "1.71",
                              "stop": "False"
                            }
                          ]
                        }
                      ]
                    }
                  ]
                }
              ]
            },
            {
              "id": "101271",
              "status": "Final",
              "date": "13.09.2025",
              "time": "20:20",
              "localteam": {
                "id": "99161",
                "name": "Sedriques Dumas",
                "winner": "false",
                "reason": "",
                "round": ""
              },
              "awayteam": {
                "id": "99841",
                "name": "Zachary Reese",
                "winner": "false",
                "reason": "",
                "round": ""
              },
              "odds": [
                {
                  "id": "2",
                  "value": "Home/Away",
                  "stop": "False",
                  "bookmakers": [
                    {
                      "id": "16",
                      "name": "bet365",
                      "stop": "False",
                      "ts": "1757765670",
                      "odds": [
                        {
                          "name": "Away",
                          "value": "1.44",
                          "stop": "False"
                        },
                        {
                          "name": "Home",
                          "value": "2.87",
                          "stop": "False"
                        }
                      ]
                    }
                  ]
                },
                {
                  "id": "4",
                  "value": "Asian Handicap",
                  "stop": "False",
                  "bookmakers": [
                    {
                      "id": "16",
                      "name": "bet365",
                      "stop": "False",
                      "ts": "1757765670",
                      "odds": [
                        {
                          "type": "handicap",
                          "name": "-3.5",
                          "ismain": "True",
                          "stop": "False",
                          "odds": [
                            {
                              "name": "Away",
                              "value": "1.44",
                              "stop": "False"
                            },
                            {
                              "name": "Home",
                              "value": "2.62",
                              "stop": "False"
                            }
                          ]
                        }
                      ]
                    }
                  ]
                },
                {
                  "id": "5",
                  "value": "Over/Under",
                  "stop": "False",
                  "bookmakers": [
                    {
                      "id": "16",
                      "name": "bet365",
                      "stop": "False",
                      "ts": "1757765670",
                      "odds": [
                        {
                          "type": "total",
                          "name": "1.5",
                          "ismain": "True",
                          "stop": "False",
                          "odds": [
                            {
                              "name": "Over",
                              "value": "2.10",
                              "stop": "False"
                            },
                            {
                              "name": "Under",
                              "value": "1.66",
                              "stop": "False"
                            }
                          ]
                        },
                        {
                          "type": "total",
                          "name": "2.5",
                          "ismain": "False",
                          "stop": "False",
                          "odds": [
                            {
                              "name": "Over",
                              "value": "3.70",
                              "stop": "False"
                            },
                            {
                              "name": "Under",
                              "value": "1.26",
                              "stop": "False"
                            }
                          ]
                        }
                      ]
                    }
                  ]
                }
              ]
            },
            {
              "id": "101020",
              "status": "Not Started",
              "date": "13.09.2025",
              "time": "21:50",
              "localteam": {
                "id": "85466",
                "name": "Duško Todorovic",
                "winner": "false",
                "reason": "",
                "round": ""
              },
              "awayteam": {
                "id": "100486",
                "name": "Jose Daniel Medina",
                "winner": "false",
                "reason": "",
                "round": ""
              },
              "odds": [
                {
                  "id": "2",
                  "value": "Home/Away",
                  "stop": "False",
                  "bookmakers": [
                    {
                      "id": "16",
                      "name": "bet365",
                      "stop": "False",
                      "ts": "1757770656",
                      "odds": [
                        {
                          "name": "Away",
                          "value": "4.00",
                          "stop": "False"
                        },
                        {
                          "name": "Home",
                          "value": "1.25",
                          "stop": "False"
                        }
                      ]
                    }
                  ]
                },
                {
                  "id": "4",
                  "value": "Asian Handicap",
                  "stop": "False",
                  "bookmakers": [
                    {
                      "id": "16",
                      "name": "bet365",
                      "stop": "False",
                      "ts": "1757770622",
                      "odds": [
                        {
                          "type": "handicap",
                          "name": "+3.5",
                          "ismain": "True",
                          "stop": "False",
                          "odds": [
                            {
                              "name": "Away",
                              "value": "2.20",
                              "stop": "False"
                            },
                            {
                              "name": "Home",
                              "value": "1.61",
                              "stop": "False"
                            }
                          ]
                        }
                      ]
                    }
                  ]
                },
                {
                  "id": "5",
                  "value": "Over/Under",
                  "stop": "False",
                  "bookmakers": [
                    {
                      "id": "16",
                      "name": "bet365",
                      "stop": "False",
                      "ts": "1757770656",
                      "odds": [
                        {
                          "type": "total",
                          "name": "1.5",
                          "ismain": "False",
                          "stop": "False",
                          "odds": [
                            {
                              "name": "Over",
                              "value": "1.41",
                              "stop": "False"
                            },
                            {
                              "name": "Under",
                              "value": "2.80",
                              "stop": "False"
                            }
                          ]
                        },
                        {
                          "type": "total",
                          "name": "2.5",
                          "ismain": "True",
                          "stop": "False",
                          "odds": [
                            {
                              "name": "Over",
                              "value": "1.66",
                              "stop": "False"
                            },
                            {
                              "name": "Under",
                              "value": "2.10",
                              "stop": "False"
                            }
                          ]
                        }
                      ]
                    }
                  ]
                }
              ]
            },
            {
              "id": "101270",
              "status": "Walkouts",
              "date": "13.09.2025",
              "time": "21:20",
              "localteam": {
                "id": "85322",
                "name": "Joaquim Silva",
                "winner": "false",
                "reason": "",
                "round": ""
              },
              "awayteam": {
                "id": "85413",
                "name": "Claudio Puelles",
                "winner": "false",
                "reason": "",
                "round": ""
              },
              "odds": [
                {
                  "id": "2",
                  "value": "Home/Away",
                  "stop": "False",
                  "bookmakers": [
                    {
                      "id": "16",
                      "name": "bet365",
                      "stop": "False",
                      "ts": "1757768242",
                      "odds": [
                        {
                          "name": "Away",
                          "value": "1.72",
                          "stop": "False"
                        },
                        {
                          "name": "Home",
                          "value": "2.10",
                          "stop": "False"
                        }
                      ]
                    }
                  ]
                },
                {
                  "id": "4",
                  "value": "Asian Handicap",
                  "stop": "False",
                  "bookmakers": [
                    {
                      "id": "16",
                      "name": "bet365",
                      "stop": "False",
                      "ts": "1757768242",
                      "odds": [
                        {
                          "type": "handicap",
                          "name": "-3.5",
                          "ismain": "True",
                          "stop": "False",
                          "odds": [
                            {
                              "name": "Away",
                              "value": "2.37",
                              "stop": "False"
                            },
                            {
                              "name": "Home",
                              "value": "1.53",
                              "stop": "False"
                            }
                          ]
                        }
                      ]
                    }
                  ]
                },
                {
                  "id": "5",
                  "value": "Over/Under",
                  "stop": "False",
                  "bookmakers": [
                    {
                      "id": "16",
                      "name": "bet365",
                      "stop": "False",
                      "ts": "1757768242",
                      "odds": [
                        {
                          "type": "total",
                          "name": "1.5",
                          "ismain": "False",
                          "stop": "False",
                          "odds": [
                            {
                              "name": "Over",
                              "value": "1.36",
                              "stop": "False"
                            },
                            {
                              "name": "Under",
                              "value": "3.00",
                              "stop": "False"
                            }
                          ]
                        },
                        {
                          "type": "total",
                          "name": "2.5",
                          "ismain": "True",
                          "stop": "False",
                          "odds": [
                            {
                              "name": "Over",
                              "value": "1.64",
                              "stop": "False"
                            },
                            {
                              "name": "Under",
                              "value": "2.15",
                              "stop": "False"
                            }
                          ]
                        }
                      ]
                    }
                  ]
                }
              ]
            },
            {
              "id": "101269",
              "status": "Final",
              "date": "13.09.2025",
              "time": "20:40",
              "localteam": {
                "id": "100972",
                "name": "Luis Gurule",
                "winner": "false",
                "reason": "",
                "round": ""
              },
              "awayteam": {
                "id": "99083",
                "name": "Jesus Aguilar",
                "winner": "false",
                "reason": "",
                "round": ""
              },
              "odds": [
                {
                  "id": "2",
                  "value": "Home/Away",
                  "stop": "False",
                  "bookmakers": [
                    {
                      "id": "16",
                      "name": "bet365",
                      "stop": "False",
                      "ts": "1757766824",
                      "odds": [
                        {
                          "name": "Away",
                          "value": "2.70",
                          "stop": "False"
                        },
                        {
                          "name": "Home",
                          "value": "1.50",
                          "stop": "False"
                        }
                      ]
                    }
                  ]
                },
                {
                  "id": "4",
                  "value": "Asian Handicap",
                  "stop": "False",
                  "bookmakers": [
                    {
                      "id": "16",
                      "name": "bet365",
                      "stop": "False",
                      "ts": "1757766790",
                      "odds": [
                        {
                          "type": "handicap",
                          "name": "+3.5",
                          "ismain": "True",
                          "stop": "False",
                          "odds": [
                            {
                              "name": "Away",
                              "value": "1.66",
                              "stop": "False"
                            },
                            {
                              "name": "Home",
                              "value": "2.10",
                              "stop": "False"
                            }
                          ]
                        }
                      ]
                    }
                  ]
                },
                {
                  "id": "5",
                  "value": "Over/Under",
                  "stop": "False",
                  "bookmakers": [
                    {
                      "id": "16",
                      "name": "bet365",
                      "stop": "False",
                      "ts": "1757766824",
                      "odds": [
                        {
                          "type": "total",
                          "name": "1.5",
                          "ismain": "False",
                          "stop": "False",
                          "odds": [
                            {
                              "name": "Over",
                              "value": "1.32",
                              "stop": "False"
                            },
                            {
                              "name": "Under",
                              "value": "3.15",
                              "stop": "False"
                            }
                          ]
                        },
                        {
                          "type": "total",
                          "name": "2.5",
                          "ismain": "True",
                          "stop": "False",
                          "odds": [
                            {
                              "name": "Over",
                              "value": "1.55",
                              "stop": "False"
                            },
                            {
                              "name": "Under",
                              "value": "2.35",
                              "stop": "False"
                            }
                          ]
                        }
                      ]
                    }
                  ]
                }
              ]
            },
            {
              "id": "101272",
              "status": "Final",
              "date": "13.09.2025",
              "time": "19:20",
              "localteam": {
                "id": "101273",
                "name": "Alice Pereira",
                "winner": "false",
                "reason": "",
                "round": ""
              },
              "awayteam": {
                "id": "99685",
                "name": "Montserrat Rendon",
                "winner": "false",
                "reason": "",
                "round": ""
              },
              "odds": [
                {
                  "id": "2",
                  "value": "Home/Away",
                  "stop": "False",
                  "bookmakers": [
                    {
                      "id": "16",
                      "name": "bet365",
                      "stop": "False",
                      "ts": "1757761892",
                      "odds": [
                        {
                          "name": "Away",
                          "value": "2.25",
                          "stop": "False"
                        },
                        {
                          "name": "Home",
                          "value": "1.66",
                          "stop": "False"
                        }
                      ]
                    }
                  ]
                },
                {
                  "id": "4",
                  "value": "Asian Handicap",
                  "stop": "False",
                  "bookmakers": [
                    {
                      "id": "16",
                      "name": "bet365",
                      "stop": "False",
                      "ts": "1757761892",
                      "odds": [
                        {
                          "type": "handicap",
                          "name": "+3.5",
                          "ismain": "True",
                          "stop": "False",
                          "odds": [
                            {
                              "name": "Away",
                              "value": "1.57",
                              "stop": "False"
                            },
                            {
                              "name": "Home",
                              "value": "2.25",
                              "stop": "False"
                            }
                          ]
                        }
                      ]
                    }
                  ]
                },
                {
                  "id": "5",
                  "value": "Over/Under",
                  "stop": "False",
                  "bookmakers": [
                    {
                      "id": "16",
                      "name": "bet365",
                      "stop": "False",
                      "ts": "1757761892",
                      "odds": [
                        {
                          "type": "total",
                          "name": "1.5",
                          "ismain": "False",
                          "stop": "False",
                          "odds": [
                            {
                              "name": "Over",
                              "value": "1.22",
                              "stop": "False"
                            },
                            {
                              "name": "Under",
                              "value": "4.00",
                              "stop": "False"
                            }
                          ]
                        },
                        {
                          "type": "total",
                          "name": "2.5",
                          "ismain": "True",
                          "stop": "False",
                          "odds": [
                            {
                              "name": "Over",
                              "value": "1.36",
                              "stop": "False"
                            },
                            {
                              "name": "Under",
                              "value": "3.00",
                              "stop": "False"
                            }
                          ]
                        }
                      ]
                    }
                  ]
                }
              ]
            },
            {
              "id": "101374",
              "status": "Final",
              "date": "13.09.2025",
              "time": "19:00",
              "localteam": {
                "id": "101324",
                "name": "Daniil Donchenko",
                "winner": "false",
                "reason": "",
                "round": ""
              },
              "awayteam": {
                "id": "101318",
                "name": "Rodrigo Sezinando",
                "winner": "false",
                "reason": "",
                "round": ""
              },
              "odds": [
                {
                  "id": "2",
                  "value": "Home/Away",
                  "stop": "False",
                  "bookmakers": [
                    {
                      "id": "16",
                      "name": "bet365",
                      "stop": "False",
                      "ts": "1757749726",
                      "odds": [
                        {
                          "name": "Away",
                          "value": "2.70",
                          "stop": "False"
                        },
                        {
                          "name": "Home",
                          "value": "1.50",
                          "stop": "False"
                        }
                      ]
                    }
                  ]
                },
                {
                  "id": "4",
                  "value": "Asian Handicap",
                  "stop": "False",
                  "bookmakers": [
                    {
                      "id": "16",
                      "name": "bet365",
                      "stop": "False",
                      "ts": "1757749726",
                      "odds": [
                        {
                          "type": "handicap",
                          "name": "+3.5",
                          "ismain": "True",
                          "stop": "False",
                          "odds": [
                            {
                              "name": "Away",
                              "value": "2.10",
                              "stop": "False"
                            },
                            {
                              "name": "Home",
                              "value": "1.66",
                              "stop": "False"
                            }
                          ]
                        }
                      ]
                    }
                  ]
                },
                {
                  "id": "5",
                  "value": "Over/Under",
                  "stop": "False",
                  "bookmakers": [
                    {
                      "id": "16",
                      "name": "bet365",
                      "stop": "False",
                      "ts": "1757749726",
                      "odds": [
                        {
                          "type": "total",
                          "name": "1.5",
                          "ismain": "False",
                          "stop": "False",
                          "odds": [
                            {
                              "name": "Over",
                              "value": "1.60",
                              "stop": "False"
                            },
                            {
                              "name": "Under",
                              "value": "2.25",
                              "stop": "False"
                            }
                          ]
                        },
                        {
                          "type": "total",
                          "name": "2.5",
                          "ismain": "True",
                          "stop": "False",
                          "odds": [
                            {
                              "name": "Over",
                              "value": "2.20",
                              "stop": "False"
                            },
                            {
                              "name": "Under",
                              "value": "1.62",
                              "stop": "False"
                            }
                          ]
                        }
                      ]
                    }
                  ]
                }
              ]
            },
            {
              "id": "101275",
              "status": "Not Started",
              "date": "13.09.2025",
              "time": "23:30",
              "localteam": {
                "id": "85028",
                "name": "Jared Gordon",
                "winner": "false",
                "reason": "",
                "round": ""
              },
              "awayteam": {
                "id": "90527",
                "name": "Rafa Garcia",
                "winner": "false",
                "reason": "",
                "round": ""
              },
              "odds": [
                {
                  "id": "2",
                  "value": "Home/Away",
                  "stop": "False",
                  "bookmakers": [
                    {
                      "id": "16",
                      "name": "bet365",
                      "stop": "False",
                      "ts": "1757776906",
                      "odds": [
                        {
                          "name": "Away",
                          "value": "2.50",
                          "stop": "False"
                        },
                        {
                          "name": "Home",
                          "value": "1.57",
                          "stop": "False"
                        }
                      ]
                    }
                  ]
                },
                {
                  "id": "4",
                  "value": "Asian Handicap",
                  "stop": "False",
                  "bookmakers": [
                    {
                      "id": "16",
                      "name": "bet365",
                      "stop": "False",
                      "ts": "1757776868",
                      "odds": [
                        {
                          "type": "handicap",
                          "name": "+3.5",
                          "ismain": "True",
                          "stop": "False",
                          "odds": [
                            {
                              "name": "Away",
                              "value": "1.50",
                              "stop": "False"
                            },
                            {
                              "name": "Home",
                              "value": "2.50",
                              "stop": "False"
                            }
                          ]
                        }
                      ]
                    }
                  ]
                },
                {
                  "id": "5",
                  "value": "Over/Under",
                  "stop": "False",
                  "bookmakers": [
                    {
                      "id": "16",
                      "name": "bet365",
                      "stop": "False",
                      "ts": "1757776906",
                      "odds": [
                        {
                          "type": "total",
                          "name": "1.5",
                          "ismain": "False",
                          "stop": "False",
                          "odds": [
                            {
                              "name": "Over",
                              "value": "1.18",
                              "stop": "False"
                            },
                            {
                              "name": "Under",
                              "value": "4.50",
                              "stop": "False"
                            }
                          ]
                        },
                        {
                          "type": "total",
                          "name": "2.5",
                          "ismain": "True",
                          "stop": "False",
                          "odds": [
                            {
                              "name": "Over",
                              "value": "1.29",
                              "stop": "False"
                            },
                            {
                              "name": "Under",
                              "value": "3.40",
                              "stop": "False"
                            }
                          ]
                        }
                      ]
                    }
                  ]
                }
              ]
            },
            {
              "id": "101380",
              "status": "Not Started",
              "date": "13.09.2025",
              "time": "22:30",
              "localteam": {
                "id": "87915",
                "name": "Dustin Stoltzfus",
                "winner": "false",
                "reason": "",
                "round": ""
              },
              "awayteam": {
                "id": "84356",
                "name": "Kelvin Gastelum",
                "winner": "false",
                "reason": "",
                "round": ""
              },
              "odds": [
                {
                  "id": "2",
                  "value": "Home/Away",
                  "stop": "False",
                  "bookmakers": [
                    {
                      "id": "16",
                      "name": "bet365",
                      "stop": "False",
                      "ts": "1757749726",
                      "odds": [
                        {
                          "name": "Away",
                          "value": "1.44",
                          "stop": "False"
                        },
                        {
                          "name": "Home",
                          "value": "2.87",
                          "stop": "False"
                        }
                      ]
                    }
                  ]
                },
                {
                  "id": "4",
                  "value": "Asian Handicap",
                  "stop": "False",
                  "bookmakers": [
                    {
                      "id": "16",
                      "name": "bet365",
                      "stop": "False",
                      "ts": "1757749726",
                      "odds": [
                        {
                          "type": "handicap",
                          "name": "-3.5",
                          "ismain": "True",
                          "stop": "False",
                          "odds": [
                            {
                              "name": "Away",
                              "value": "1.72",
                              "stop": "False"
                            },
                            {
                              "name": "Home",
                              "value": "2.00",
                              "stop": "False"
                            }
                          ]
                        }
                      ]
                    }
                  ]
                },
                {
                  "id": "5",
                  "value": "Over/Under",
                  "stop": "False",
                  "bookmakers": [
                    {
                      "id": "16",
                      "name": "bet365",
                      "stop": "False",
                      "ts": "1757749726",
                      "odds": [
                        {
                          "type": "total",
                          "name": "1.5",
                          "ismain": "False",
                          "stop": "False",
                          "odds": [
                            {
                              "name": "Over",
                              "value": "1.27",
                              "stop": "False"
                            },
                            {
                              "name": "Under",
                              "value": "3.60",
                              "stop": "False"
                            }
                          ]
                        },
                        {
                          "type": "total",
                          "name": "2.5",
                          "ismain": "True",
                          "stop": "False",
                          "odds": [
                            {
                              "name": "Over",
                              "value": "1.47",
                              "stop": "False"
                            },
                            {
                              "name": "Under",
                              "value": "2.55",
                              "stop": "False"
                            }
                          ]
                        }
                      ]
                    }
                  ]
                }
              ]
            },
            {
              "id": "101379",
              "status": "Not Started",
              "date": "13.09.2025",
              "time": "23:30",
              "localteam": {
                "id": "100896",
                "name": "David Martinez",
                "winner": "false",
                "reason": "",
                "round": ""
              },
              "awayteam": {
                "id": "85000",
                "name": "Rob Font",
                "winner": "false",
                "reason": "",
                "round": ""
              },
              "odds": [
                {
                  "id": "2",
                  "value": "Home/Away",
                  "stop": "False",
                  "bookmakers": [
                    {
                      "id": "16",
                      "name": "bet365",
                      "stop": "False",
                      "ts": "1757749726",
                      "odds": [
                        {
                          "name": "Away",
                          "value": "1.80",
                          "stop": "False"
                        },
                        {
                          "name": "Home",
                          "value": "2.00",
                          "stop": "False"
                        }
                      ]
                    }
                  ]
                },
                {
                  "id": "4",
                  "value": "Asian Handicap",
                  "stop": "False",
                  "bookmakers": [
                    {
                      "id": "16",
                      "name": "bet365",
                      "stop": "False",
                      "ts": "1757749726",
                      "odds": [
                        {
                          "type": "handicap",
                          "name": "-3.5",
                          "ismain": "True",
                          "stop": "False",
                          "odds": [
                            {
                              "name": "Away",
                              "value": "2.75",
                              "stop": "False"
                            },
                            {
                              "name": "Home",
                              "value": "1.40",
                              "stop": "False"
                            }
                          ]
                        }
                      ]
                    }
                  ]
                },
                {
                  "id": "5",
                  "value": "Over/Under",
                  "stop": "False",
                  "bookmakers": [
                    {
                      "id": "16",
                      "name": "bet365",
                      "stop": "False",
                      "ts": "1757749726",
                      "odds": [
                        {
                          "type": "total",
                          "name": "1.5",
                          "ismain": "False",
                          "stop": "False",
                          "odds": [
                            {
                              "name": "Over",
                              "value": "1.16",
                              "stop": "False"
                            },
                            {
                              "name": "Under",
                              "value": "4.75",
                              "stop": "False"
                            }
                          ]
                        },
                        {
                          "type": "total",
                          "name": "2.5",
                          "ismain": "True",
                          "stop": "False",
                          "odds": [
                            {
                              "name": "Over",
                              "value": "1.31",
                              "stop": "False"
                            },
                            {
                              "name": "Under",
                              "value": "3.20",
                              "stop": "False"
                            }
                          ]
                        }
                      ]
                    }
                  ]
                }
              ]
            },
            {
              "id": "101375",
              "status": "Final",
              "date": "13.09.2025",
              "time": "20:00",
              "localteam": {
                "id": "101376",
                "name": "Alden Coria",
                "winner": "false",
                "reason": "",
                "round": ""
              },
              "awayteam": {
                "id": "99013",
                "name": "Alessandro Costa",
                "winner": "false",
                "reason": "",
                "round": ""
              },
              "odds": [
                {
                  "id": "2",
                  "value": "Home/Away",
                  "stop": "False",
                  "bookmakers": [
                    {
                      "id": "16",
                      "name": "bet365",
                      "stop": "True",
                      "ts": "1757764580",
                      "odds": [
                        {
                          "name": "Away",
                          "value": "1.33",
                          "stop": "True"
                        },
                        {
                          "name": "Home",
                          "value": "3.40",
                          "stop": "True"
                        }
                      ]
                    }
                  ]
                },
                {
                  "id": "4",
                  "value": "Asian Handicap",
                  "stop": "False",
                  "bookmakers": [
                    {
                      "id": "16",
                      "name": "bet365",
                      "stop": "True",
                      "ts": "1757764580",
                      "odds": [
                        {
                          "type": "handicap",
                          "name": "-3.5",
                          "ismain": "False",
                          "stop": "True",
                          "odds": [
                            {
                              "name": "Away",
                              "value": "1.61",
                              "stop": "True"
                            },
                            {
                              "name": "Home",
                              "value": "2.20",
                              "stop": "True"
                            }
                          ]
                        }
                      ]
                    }
                  ]
                },
                {
                  "id": "5",
                  "value": "Over/Under",
                  "stop": "False",
                  "bookmakers": [
                    {
                      "id": "16",
                      "name": "bet365",
                      "stop": "True",
                      "ts": "1757764580",
                      "odds": [
                        {
                          "type": "total",
                          "name": "1.5",
                          "ismain": "False",
                          "stop": "True",
                          "odds": [
                            {
                              "name": "Over",
                              "value": "1.47",
                              "stop": "True"
                            },
                            {
                              "name": "Under",
                              "value": "2.55",
                              "stop": "True"
                            }
                          ]
                        },
                        {
                          "type": "total",
                          "name": "2.5",
                          "ismain": "False",
                          "stop": "True",
                          "odds": [
                            {
                              "name": "Over",
                              "value": "1.86",
                              "stop": "True"
                            },
                            {
                              "name": "Under",
                              "value": "1.80",
                              "stop": "True"
                            }
                          ]
                        }
                      ]
                    }
                  ]
                }
              ]
            },
            {
              "id": "101377",
              "status": "Not Started",
              "date": "13.09.2025",
              "time": "22:15",
              "localteam": {
                "id": "100482",
                "name": "Quang Le",
                "winner": "false",
                "reason": "",
                "round": ""
              },
              "awayteam": {
                "id": "101378",
                "name": "Santiago Luna",
                "winner": "false",
                "reason": "",
                "round": ""
              },
              "odds": [
                {
                  "id": "2",
                  "value": "Home/Away",
                  "stop": "False",
                  "bookmakers": [
                    {
                      "id": "16",
                      "name": "bet365",
                      "stop": "False",
                      "ts": "1757770656",
                      "odds": [
                        {
                          "name": "Away",
                          "value": "1.61",
                          "stop": "False"
                        },
                        {
                          "name": "Home",
                          "value": "2.37",
                          "stop": "False"
                        }
                      ]
                    }
                  ]
                },
                {
                  "id": "4",
                  "value": "Asian Handicap",
                  "stop": "False",
                  "bookmakers": [
                    {
                      "id": "16",
                      "name": "bet365",
                      "stop": "False",
                      "ts": "1757770622",
                      "odds": [
                        {
                          "type": "handicap",
                          "name": "-3.5",
                          "ismain": "True",
                          "stop": "False",
                          "odds": [
                            {
                              "name": "Away",
                              "value": "2.00",
                              "stop": "False"
                            },
                            {
                              "name": "Home",
                              "value": "1.72",
                              "stop": "False"
                            }
                          ]
                        }
                      ]
                    }
                  ]
                },
                {
                  "id": "5",
                  "value": "Over/Under",
                  "stop": "False",
                  "bookmakers": [
                    {
                      "id": "16",
                      "name": "bet365",
                      "stop": "False",
                      "ts": "1757770656",
                      "odds": [
                        {
                          "type": "total",
                          "name": "1.5",
                          "ismain": "False",
                          "stop": "False",
                          "odds": [
                            {
                              "name": "Over",
                              "value": "1.40",
                              "stop": "False"
                            },
                            {
                              "name": "Under",
                              "value": "2.85",
                              "stop": "False"
                            }
                          ]
                        },
                        {
                          "type": "total",
                          "name": "2.5",
                          "ismain": "True",
                          "stop": "False",
                          "odds": [
                            {
                              "name": "Over",
                              "value": "1.71",
                              "stop": "False"
                            },
                            {
                              "name": "Under",
                              "value": "2.00",
                              "stop": "False"
                            }
                          ]
                        }
                      ]
                    }
                  ]
                }
              ]
            },
            {
              "id": "101387",
              "status": "Not Started",
              "date": "13.09.2025",
              "time": "22:45",
              "localteam": {
                "id": "84583",
                "name": "Diego Ferreira",
                "winner": "false",
                "reason": "",
                "round": ""
              },
              "awayteam": {
                "id": "84282",
                "name": "Alexander Hernandez",
                "winner": "false",
                "reason": "",
                "round": ""
              },
              "odds": [
                {
                  "id": "2",
                  "value": "Home/Away",
                  "stop": "False",
                  "bookmakers": [
                    {
                      "id": "16",
                      "name": "bet365",
                      "stop": "True",
                      "ts": "1757774404",
                      "odds": [
                        {
                          "name": "Away",
                          "value": "1.90",
                          "stop": "True"
                        },
                        {
                          "name": "Home",
                          "value": "1.90",
                          "stop": "True"
                        }
                      ]
                    }
                  ]
                },
                {
                  "id": "4",
                  "value": "Asian Handicap",
                  "stop": "False",
                  "bookmakers": [
                    {
                      "id": "16",
                      "name": "bet365",
                      "stop": "True",
                      "ts": "1757774404",
                      "odds": [
                        {
                          "type": "handicap",
                          "name": "-3.5",
                          "ismain": "False",
                          "stop": "True",
                          "odds": [
                            {
                              "name": "Away",
                              "value": "2.37",
                              "stop": "True"
                            },
                            {
                              "name": "Home",
                              "value": "1.53",
                              "stop": "True"
                            }
                          ]
                        }
                      ]
                    }
                  ]
                },
                {
                  "id": "5",
                  "value": "Over/Under",
                  "stop": "False",
                  "bookmakers": [
                    {
                      "id": "16",
                      "name": "bet365",
                      "stop": "True",
                      "ts": "1757722986",
                      "odds": [
                        {
                          "type": "total",
                          "name": "1.5",
                          "ismain": "False",
                          "stop": "True",
                          "odds": [
                            {
                              "name": "Over",
                              "value": "1.40",
                              "stop": "True"
                            },
                            {
                              "name": "Under",
                              "value": "2.85",
                              "stop": "True"
                            }
                          ]
                        },
                        {
                          "type": "total",
                          "name": "2.5",
                          "ismain": "False",
                          "stop": "True",
                          "odds": [
                            {
                              "name": "Over",
                              "value": "1.68",
                              "stop": "True"
                            },
                            {
                              "name": "Under",
                              "value": "2.05",
                              "stop": "True"
                            }
                          ]
                        }
                      ]
                    }
                  ]
                }
              ]
            }
          ]
        }
      ]
    }
  }
}